id,phase,block.number,trial.number,is_CSplus,is_CSmin,do_pulse1,do_pulse3,rating,button,rating_time,button_time
8,baseline,2,1,1,0,0,0,0,1,4824,8407
8,baseline,2,2,0,1,0,0,-7,2,4342,5485
8,baseline,2,3,1,0,0,0,-7,1,5833,7576
8,baseline,2,4,1,0,0,0,-24,1,4173,5572
8,baseline,2,5,0,1,0,0,-32,2,2689,3792
8,baseline,2,6,0,1,0,0,-39,2,3275,4610
8,baseline,2,7,1,0,0,0,-17,1,3460,4875
8,baseline,2,8,0,1,0,0,-33,2,3201,4152
8,baseline,2,9,1,0,0,0,-40,1,2930,5393
8,baseline,2,10,0,1,0,0,-33,2,3905,5975
8,acq,4,1,0,1,1,0,-33,2,6481,8192
8,acq,4,2,0,1,1,0,-15,2,3162,4761
8,acq,4,3,1,0,0,0,-2,1,5141,9500
8,acq,4,4,0,1,1,0,-16,2,3350,4421
8,acq,4,5,1,0,0,0,0,2,6209,8432
8,acq,4,6,1,0,0,0,3,1,3785,5200
8,acq,4,7,0,1,1,0,-6,2,4351,6334
8,acq,4,8,1,0,0,0,2,1,3452,6155
8,acq,7,1,1,0,0,0,-1,1,4689,7232
8,acq,7,2,0,1,1,0,2,1,3675,5090
8,acq,7,3,0,1,1,0,-12,2,5092,6475
8,acq,7,4,1,0,0,0,3,1,3185,4752
8,acq,7,5,0,1,1,0,-6,2,3542,5949
8,acq,7,6,1,0,0,0,2,1,4507,6418
8,acq,7,7,1,0,0,0,2,1,3844,6523
8,acq,7,8,0,1,1,0,-18,2,2175,4806
8,acq,10,1,0,1,1,0,-5,2,7040,9223
8,acq,10,2,1,0,0,0,6,1,4479,6070
8,acq,10,3,0,1,1,0,3,2,4070,6413
8,acq,10,4,1,0,0,0,16,1,3253,4988
8,acq,10,5,1,0,0,0,13,1,3366,5365
8,acq,10,6,0,1,1,0,3,1,2781,5364
8,acq,10,7,0,1,1,0,-4,2,3989,5244
8,acq,10,8,1,0,0,0,15,1,3925,6211
8,test,13,1,0,1,0,1,0,2,3185,4368
8,test,13,2,0,1,0,0,-5,2,2939,4353
8,test,13,3,1,0,0,0,12,1,4083,5290
8,test,13,4,1,0,0,0,15,1,2594,4217
8,test,13,5,0,1,1,0,8,2,5505,8720
8,test,13,6,0,1,1,0,-4,2,3808,5551
8,test,13,7,1,0,0,1,8,1,2289,3672
8,test,13,8,1,0,0,0,11,1,3388,4787
8,test,13,9,0,1,1,0,-4,1,4688,6854
8,test,13,10,0,1,1,0,-9,2,2447,3814
8,test,13,11,1,0,0,0,4,1,4490,6193
8,test,13,12,0,1,0,0,-5,2,4686,5701
8,test,13,13,1,0,0,0,5,1,4271,6094
8,test,13,14,0,1,1,0,-1,2,2351,3437
8,test,13,15,1,0,0,0,3,1,2198,3429
8,test,13,16,1,0,0,0,10,1,2695,3838
8,test,13,17,0,1,1,0,-12,2,3251,4210
8,test,13,18,1,0,0,1,0,1,3129,4408
8,test,13,19,0,1,1,0,-16,2,3472,4559
8,test,13,20,1,0,0,1,6,1,2107,3330
8,test,13,21,1,0,0,1,11,1,3610,4945
8,test,13,22,0,1,0,1,0,2,4330,5289
8,test,13,23,1,0,0,0,0,1,5619,7570
8,test,13,24,1,0,0,1,0,1,3609,4688
8,test,13,25,0,1,0,0,-16,2,2312,3159
8,test,13,26,1,0,0,0,8,1,3124,4698
8,test,13,27,0,1,1,0,-9,2,3149,4196
8,test,13,28,0,1,0,1,-15,2,2548,3411
8,test,13,29,1,0,0,0,5,1,3127,4286
8,test,13,30,1,0,0,0,11,1,3313,4424
8,test,13,31,0,1,0,1,4,2,2661,3628
8,test,13,32,1,0,0,0,9,1,4247,5462
8,test,13,33,0,1,1,0,0,2,2695,3686
8,test,13,34,0,1,0,1,3,2,2647,3638
8,test,13,35,1,0,0,0,8,1,2488,3695
8,test,13,36,0,1,1,0,-6,2,2279,3174
8,test,16,1,1,0,0,0,6,1,4428,5603
8,test,16,2,1,0,0,1,4,1,3721,4784
8,test,16,3,0,1,0,1,0,2,3327,4782
8,test,16,4,1,0,0,1,2,1,3600,5119
8,test,16,5,1,0,0,1,1,1,3744,5607
8,test,16,6,0,1,1,0,-3,2,2964,3787
8,test,16,7,1,0,0,0,2,1,2876,4019
8,test,16,8,1,0,0,0,2,1,3863,5366
8,test,16,9,0,1,0,0,-3,2,3798,4877
8,test,16,10,1,0,0,0,6,1,3302,4333
8,test,16,11,1,0,0,0,4,1,3914,4849
8,test,16,12,0,1,1,0,2,2,5221,6740
8,test,16,13,0,1,0,0,0,2,3243,4218
8,test,16,14,1,0,0,1,-2,1,2493,3788
8,test,16,15,0,1,0,1,5,2,2899,3834
8,test,16,16,0,1,1,0,-7,2,2256,3071
8,test,16,17,1,0,0,0,12,1,2659,3890
8,test,16,18,1,0,0,0,12,1,2545,3584
8,test,16,19,0,1,1,0,-6,2,3625,4520
8,test,16,20,0,1,1,0,-6,2,2377,3568
8,test,16,21,1,0,0,0,5,1,2981,3972
8,test,16,22,0,1,0,1,-3,2,3683,5194
8,test,16,23,1,0,0,1,1,1,5137,6312
8,test,16,24,0,1,0,0,-3,2,3090,4089
8,test,16,25,0,1,0,1,3,2,3641,4560
8,test,16,26,1,0,0,0,7,1,2819,3994
8,test,16,27,0,1,1,0,4,2,4040,4895
8,test,16,28,0,1,1,0,-3,2,2761,3752
8,test,16,29,1,0,0,0,8,1,2990,4077
8,test,16,30,1,0,0,0,-1,1,5075,6946
8,test,16,31,0,1,0,1,-7,2,2257,3312
8,test,16,32,0,1,1,0,-5,2,2392,3223
8,test,16,33,1,0,0,0,10,1,2162,3169
8,test,16,34,0,1,1,0,3,2,4600,5663
8,test,16,35,1,0,0,0,-3,1,3108,4107
8,test,16,36,0,1,1,0,-4,2,2859,3857
8,test,19,1,0,1,1,0,-3,1,3969,6800
8,test,19,2,0,1,0,1,1,2,2976,4327
8,test,19,3,1,0,0,0,4,1,2486,3509
8,test,19,4,0,1,0,1,2,1,3136,4543
8,test,19,5,1,0,0,1,-3,1,3496,4655
8,test,19,6,0,1,1,0,4,2,4201,5744
8,test,19,7,0,1,0,0,-3,2,3347,4242
8,test,19,8,1,0,0,1,6,1,2695,3862
8,test,19,9,1,0,0,0,4,1,3201,5168
8,test,19,10,0,1,1,0,-1,2,3380,5019
8,test,19,11,1,0,0,0,3,1,3041,4320
8,test,19,12,0,1,1,0,-3,2,2627,4186
8,test,19,13,1,0,0,1,4,1,2422,3797
8,test,19,14,1,0,0,0,2,1,3031,3950
8,test,19,15,0,1,0,0,-5,2,2397,3284
8,test,19,16,1,0,0,0,5,1,3700,4819
8,test,19,17,0,1,0,1,-4,2,2759,3574
8,test,19,18,0,1,1,0,-3,2,2596,3403
8,test,19,19,1,0,0,0,8,1,1830,3420
8,test,19,20,0,1,0,1,4,1,4679,7662
8,test,19,21,0,1,0,0,-3,2,2230,3037
8,test,19,22,1,0,0,0,-6,1,2326,3437
8,test,19,23,1,0,0,0,-2,1,5256,6295
8,test,19,24,0,1,1,0,-3,2,1873,2656
8,test,19,25,1,0,0,1,2,1,3127,4350
8,test,19,26,0,1,1,0,-8,2,2400,3151
8,test,19,27,1,0,0,0,4,1,3120,4583
8,test,19,28,1,0,0,0,-3,1,2503,3502
8,test,19,29,0,1,1,0,-3,1,3424,4639
8,test,19,30,0,1,1,0,-5,2,2584,3551
8,test,19,31,1,0,0,1,3,1,2352,3303
8,test,19,32,0,1,0,1,3,1,4590,6213
8,test,19,33,1,0,0,0,0,1,4965,6028
8,test,19,34,0,1,1,0,-4,2,2954,3753
8,test,19,35,1,0,0,0,5,1,3397,4460
8,test,19,36,1,0,0,0,-6,1,2850,3777
9,baseline,2,1,1,0,0,0,-40,2,3646,5813
9,baseline,2,2,1,0,0,0,-44,2,4126,5493
9,baseline,2,3,0,1,0,0,-42,1,3595,5018
9,baseline,2,4,1,0,0,0,-40,2,2965,4116
9,baseline,2,5,0,1,0,0,-39,1,3641,5760
9,baseline,2,6,1,0,0,0,-43,2,2387,3346
9,baseline,2,7,0,1,0,0,-40,1,2291,3962
9,baseline,2,8,0,1,0,0,-42,1,1845,2988
9,baseline,2,9,1,0,0,0,-43,2,2634,3953
9,baseline,2,10,0,1,0,0,-45,1,2510,3637
9,acq,4,1,1,0,0,0,-22,1,5065,8104
9,acq,4,2,1,0,0,0,-3,1,2721,4248
9,acq,4,3,0,1,1,0,-31,1,2656,3991
9,acq,4,4,1,0,0,0,-3,2,2719,3822
9,acq,4,5,0,1,1,0,-27,1,2549,3748
9,acq,4,6,1,0,0,0,-1,2,3111,4174
9,acq,4,7,0,1,1,0,-39,1,2948,4235
9,acq,4,8,0,1,1,0,-30,1,2874,4073
9,acq,7,1,1,0,0,0,13,2,3257,5440
9,acq,7,2,0,1,1,0,-1,1,3324,4683
9,acq,7,3,0,1,1,0,-24,1,4403,5434
9,acq,7,4,1,0,0,0,21,2,2860,4059
9,acq,7,5,0,1,1,0,-1,1,3047,4398
9,acq,7,6,0,1,1,0,-1,1,2570,3625
9,acq,7,7,1,0,0,0,20,2,2499,3666
9,acq,7,8,1,0,0,0,24,2,2375,3358
9,acq,10,1,1,0,0,0,25,2,2993,4776
9,acq,10,2,1,0,0,0,17,1,3699,4762
9,acq,10,3,0,1,1,0,-2,1,2083,3434
9,acq,10,4,0,1,1,0,0,1,2506,3313
9,acq,10,5,1,0,0,0,33,2,2282,3233
9,acq,10,6,1,0,0,0,31,2,2240,3303
9,acq,10,7,0,1,1,0,2,2,2061,3227
9,acq,10,8,0,1,1,0,-8,1,2151,3022
9,test,13,1,0,1,1,0,-21,1,2792,3671
9,test,13,2,1,0,0,0,30,2,2005,3164
9,test,13,3,0,1,0,0,-46,1,2712,4271
9,test,13,4,0,1,0,1,35,2,2339,3762
9,test,13,5,1,0,0,1,14,2,1948,2931
9,test,13,6,1,0,0,0,29,2,2040,2943
9,test,13,7,0,1,0,1,30,2,1999,3014
9,test,13,8,0,1,1,0,-13,1,2387,3546
9,test,13,9,1,0,0,0,39,2,2302,3101
9,test,13,10,0,1,1,0,-2,1,2330,3457
9,test,13,11,1,0,0,0,35,2,2390,3373
9,test,13,12,0,1,1,0,0,1,2370,3481
9,test,13,13,0,1,1,0,1,1,2438,3397
9,test,13,14,1,0,0,1,35,2,1876,2731
9,test,13,15,1,0,0,0,39,2,1961,2856
9,test,13,16,0,1,0,1,35,2,1890,2705
9,test,13,17,1,0,0,1,28,2,2034,3161
9,test,13,18,1,0,0,0,40,2,2390,3277
9,test,13,19,0,1,0,1,38,2,2080,2919
9,test,13,20,0,1,1,0,6,2,2417,3960
9,test,13,21,1,0,0,0,35,2,1868,2739
9,test,13,22,0,1,1,0,-1,1,2462,3653
9,test,13,23,1,0,0,0,46,2,2056,2927
9,test,13,24,0,1,1,0,-1,1,2505,4280
9,test,13,25,0,1,0,1,37,2,1766,2637
9,test,13,26,1,0,0,0,42,2,2158,3381
9,test,13,27,1,0,0,0,-48,2,2253,3228
9,test,13,28,0,1,0,0,-46,1,1924,2947
9,test,13,29,1,0,0,0,-47,2,2067,3058
9,test,13,30,1,0,0,0,-47,2,1973,2764
9,test,13,31,0,1,1,0,-1,1,2279,3262
9,test,13,32,0,1,0,0,-48,1,1653,2708
9,test,13,33,1,0,0,1,19,2,1818,2713
9,test,13,34,1,0,0,1,35,2,1992,2903
9,test,13,35,0,1,1,0,-2,1,1819,2674
9,test,13,36,1,0,0,0,45,2,1794,3017
9,test,16,1,1,0,0,0,-47,2,2304,3207
9,test,16,2,0,1,0,1,34,1,1904,2967
9,test,16,3,0,1,1,0,-1,1,2534,3341
9,test,16,4,1,0,0,0,-47,2,2087,2902
9,test,16,5,1,0,0,1,37,2,1708,2499
9,test,16,6,0,1,1,0,-2,1,1995,2722
9,test,16,7,0,1,0,0,-47,1,2168,3111
9,test,16,8,1,0,0,0,38,2,1659,2426
9,test,16,9,0,1,0,1,45,2,1726,2797
9,test,16,10,0,1,1,0,-1,1,1886,2773
9,test,16,11,1,0,0,0,43,2,1863,2630
9,test,16,12,1,0,0,0,44,2,1782,2597
9,test,16,13,0,1,0,1,35,2,2024,2807
9,test,16,14,0,1,1,0,5,1,1950,2717
9,test,16,15,1,0,0,1,35,2,1907,2842
9,test,16,16,0,1,1,0,-3,1,2171,3122
9,test,16,17,1,0,0,0,45,2,1907,2649
9,test,16,18,0,1,1,0,-12,1,2523,3658
9,test,16,19,1,0,0,0,-48,2,2006,3141
9,test,16,20,1,0,0,0,44,2,1780,2531
9,test,16,21,0,1,1,0,-1,1,2644,3491
9,test,16,22,0,1,0,1,38,1,1673,2360
9,test,16,23,1,0,0,0,46,2,1706,2473
9,test,16,24,1,0,0,0,45,2,1861,2628
9,test,16,25,0,1,1,0,-11,1,2927,3734
9,test,16,26,1,0,0,0,46,2,1577,2536
9,test,16,27,1,0,0,1,28,2,1698,2489
9,test,16,28,0,1,1,0,-13,1,1957,2780
9,test,16,29,0,1,1,0,-15,1,2304,3654
9,test,16,30,1,0,0,1,25,2,1739,2506
9,test,16,31,1,0,0,0,47,2,2155,3258
9,test,16,32,0,1,0,0,-48,1,2055,3094
9,test,16,33,0,1,0,0,-48,1,1915,2810
9,test,16,34,1,0,0,0,49,2,1703,2654
9,test,16,35,1,0,0,1,20,2,1873,2776
9,test,16,36,0,1,0,1,49,2,2154,3121
9,test,19,1,0,1,1,0,-4,1,2313,3336
9,test,19,2,1,0,0,1,18,2,1968,2831
9,test,19,3,0,1,0,0,-45,1,2233,3184
9,test,19,4,0,1,1,0,-23,1,3724,4763
9,test,19,5,1,0,0,0,28,2,1768,2719
9,test,19,6,0,1,1,0,-32,1,2184,3031
9,test,19,7,0,1,0,0,-47,1,2279,3142
9,test,19,8,1,0,0,0,42,2,1826,2641
9,test,19,9,1,0,0,1,36,2,1692,2443
9,test,19,10,0,1,1,0,-13,1,1705,2752
9,test,19,11,1,0,0,0,44,2,1793,2800
9,test,19,12,0,1,0,1,5,2,1803,2546
9,test,19,13,1,0,0,1,7,1,2105,2904
9,test,19,14,0,1,1,0,-19,1,2416,3591
9,test,19,15,1,0,0,0,44,2,1691,2458
9,test,19,16,0,1,1,0,-28,1,1918,2933
9,test,19,17,0,1,1,0,-37,1,2101,2996
9,test,19,18,1,0,0,1,18,2,2100,2867
9,test,19,19,1,0,0,0,39,2,1731,2498
9,test,19,20,0,1,1,0,-37,1,1912,2975
9,test,19,21,0,1,0,0,-46,1,1739,2754
9,test,19,22,1,0,0,0,5,2,2293,3116
9,test,19,23,0,1,0,1,-19,1,2742,3565
9,test,19,24,1,0,0,0,27,2,1937,2896
9,test,19,25,1,0,0,0,-49,2,1941,2988
9,test,19,26,0,1,0,1,-17,1,2775,3550
9,test,19,27,0,1,1,0,-38,1,3410,4505
9,test,19,28,1,0,0,0,8,2,3107,4090
9,test,19,29,1,0,0,0,25,2,2333,3140
9,test,19,30,0,1,0,1,-31,1,3126,4581
9,test,19,31,0,1,0,1,28,2,1987,2802
9,test,19,32,1,0,0,0,-46,2,2723,3586
9,test,19,33,1,0,0,0,45,2,2046,2941
9,test,19,34,0,1,1,0,-5,1,1918,2829
9,test,19,35,1,0,0,0,-45,2,1738,2953
9,test,19,36,1,0,0,1,-7,2,2195,3098
10,baseline,2,1,1,0,0,0,-45,2,5207,7134
10,baseline,2,2,0,1,0,0,-41,1,3267,4682
10,baseline,2,3,0,1,0,0,-39,1,3827,5146
10,baseline,2,4,1,0,0,0,-38,2,3850,5441
10,baseline,2,5,1,0,0,0,-39,2,2978,4209
10,baseline,2,6,0,1,0,0,-44,1,2870,4429
10,baseline,2,7,1,0,0,0,-43,2,3375,4598
10,baseline,2,8,1,0,0,0,-39,2,2630,3885
10,baseline,2,9,0,1,0,0,-42,1,3598,4821
10,baseline,2,10,0,1,0,0,-40,1,3367,4606
10,acq,4,1,0,1,1,0,-33,1,4971,6666
10,acq,4,2,1,0,0,0,-26,2,3492,4843
10,acq,4,3,1,0,0,0,-21,2,3470,4469
10,acq,4,4,0,1,1,0,-31,1,3153,4296
10,acq,4,5,0,1,1,0,-39,1,2536,3711
10,acq,4,6,1,0,0,0,-23,2,2957,3980
10,acq,4,7,1,0,0,0,-16,2,2812,4131
10,acq,4,8,0,1,1,0,-37,1,2985,4240
10,acq,7,1,0,1,1,0,-29,1,6520,11207
10,acq,7,2,1,0,0,0,-18,1,9274,11081
10,acq,7,3,1,0,0,0,4,1,4283,7330
10,acq,7,4,0,1,1,0,-7,1,4266,7945
10,acq,7,5,0,1,1,0,-7,1,3729,6119
10,acq,7,6,1,0,0,0,7,1,4146,6721
10,acq,7,7,1,0,0,0,11,1,5126,6773
10,acq,7,8,0,1,1,0,-5,1,3919,5286
10,acq,10,1,1,0,0,0,9,1,2945,5120
10,acq,10,2,1,0,0,0,18,1,3380,4803
10,acq,10,3,0,1,1,0,0,1,4412,5867
10,acq,10,4,0,1,1,0,5,1,3912,5198
10,acq,10,5,1,0,0,0,14,1,3708,6019
10,acq,10,6,1,0,0,0,15,1,4058,5521
10,acq,10,7,0,1,1,0,-3,1,4091,6122
10,acq,10,8,0,1,1,0,-5,1,3759,7126
10,test,13,1,0,1,0,0,-34,1,3857,5784
10,test,13,2,0,1,0,0,-40,1,2944,4463
10,test,13,3,1,0,0,0,13,2,5015,7718
10,test,13,4,1,0,0,0,-38,2,3531,4578
10,test,13,5,0,1,1,0,0,1,3412,4643
10,test,13,6,0,1,1,0,2,1,3941,5092
10,test,13,7,1,0,0,1,13,2,3721,5712
10,test,13,8,1,0,0,0,16,2,3318,7181
10,test,13,9,0,1,1,0,0,1,3362,4393
10,test,13,10,0,1,0,1,7,1,3278,5005
10,test,13,11,1,0,0,1,8,1,3559,5870
10,test,13,12,0,1,0,1,11,1,3312,4527
10,test,13,13,0,1,1,0,-1,1,3866,4953
10,test,13,14,1,0,0,0,11,2,3559,5814
10,test,13,15,1,0,0,1,13,2,3410,5865
10,test,13,16,0,1,1,0,0,1,4145,5136
10,test,13,17,1,0,0,0,13,2,2948,5779
10,test,13,18,1,0,0,0,9,2,3581,5692
10,test,13,19,0,1,1,0,0,1,3907,4922
10,test,13,20,1,0,0,1,7,2,3126,4621
10,test,13,21,1,0,0,0,10,2,3724,4947
10,test,13,22,0,1,1,0,-6,1,4021,5140
10,test,13,23,1,0,0,0,9,2,3222,4469
10,test,13,24,1,0,0,0,-39,2,4308,5267
10,test,13,25,0,1,1,0,0,1,4332,5539
10,test,13,26,0,1,0,0,-34,1,3407,4590
10,test,13,27,1,0,0,0,13,2,3686,5493
10,test,13,28,0,1,0,1,8,2,3902,5517
10,test,13,29,0,1,0,1,11,1,3329,5240
10,test,13,30,1,0,0,0,-33,2,2971,3946
10,test,13,31,1,0,0,1,7,2,3451,4426
10,test,13,32,0,1,1,0,0,1,2447,3558
10,test,13,33,0,1,0,1,8,1,2797,3980
10,test,13,34,1,0,0,0,16,1,2732,4571
10,test,13,35,1,0,0,0,9,1,3373,5156
10,test,13,36,0,1,1,0,-1,1,3363,4418
10,test,16,1,1,0,0,0,-36,2,2809,3688
10,test,16,2,1,0,0,0,9,1,3957,5604
10,test,16,3,0,1,1,0,0,1,3151,4182
10,test,16,4,0,1,1,0,0,1,3221,4140
10,test,16,5,1,0,0,0,9,2,2863,4446
10,test,16,6,0,1,1,0,1,1,2659,3570
10,test,16,7,1,0,0,0,10,2,2843,3938
10,test,16,8,0,1,1,0,5,1,2770,4025
10,test,16,9,0,1,1,0,-1,1,3668,4595
10,test,16,10,1,0,0,1,11,1,3114,4777
10,test,16,11,1,0,0,0,-38,2,3049,4096
10,test,16,12,0,1,0,0,-40,1,3141,4076
10,test,16,13,1,0,0,0,6,1,2902,4685
10,test,16,14,0,1,0,1,7,1,3003,4306
10,test,16,15,1,0,0,0,7,2,3329,4544
10,test,16,16,1,0,0,0,8,2,2943,5022
10,test,16,17,0,1,0,0,-42,1,3153,3960
10,test,16,18,0,1,1,0,-8,1,2925,4252
10,test,16,19,1,0,0,0,11,2,2911,3870
10,test,16,20,0,1,0,0,-41,1,2998,3949
10,test,16,21,0,1,1,0,-19,1,3190,4381
10,test,16,22,1,0,0,0,8,2,2929,3928
10,test,16,23,0,1,1,0,-5,1,3147,4098
10,test,16,24,0,1,1,0,-7,1,3038,4101
10,test,16,25,1,0,0,1,5,2,3188,4043
10,test,16,26,1,0,0,1,6,2,2827,3770
10,test,16,27,0,1,0,1,0,1,4646,5581
10,test,16,28,0,1,0,1,7,1,2246,3245
10,test,16,29,1,0,0,1,6,2,2594,3617
10,test,16,30,1,0,0,0,12,2,2287,3142
10,test,16,31,0,1,0,1,9,1,2958,3925
10,test,16,32,1,0,0,0,7,2,3080,4207
10,test,16,33,1,0,0,1,7,2,2677,3708
10,test,16,34,0,1,0,1,8,1,2665,3584
10,test,16,35,0,1,1,0,-16,1,2865,3816
10,test,16,36,1,0,0,0,-35,2,2579,3530
10,test,19,1,0,1,0,1,5,1,3849,5160
10,test,19,2,0,1,0,0,-36,1,2842,3841
10,test,19,3,1,0,0,0,15,2,3182,4221
10,test,19,4,0,1,1,0,4,1,3543,4606
10,test,19,5,1,0,0,0,17,2,4046,5693
10,test,19,6,0,1,1,0,0,1,4354,5305
10,test,19,7,0,1,1,0,0,1,4416,5335
10,test,19,8,1,0,0,1,7,2,2724,3627
10,test,19,9,1,0,0,0,15,2,2661,3932
10,test,19,10,0,1,0,1,8,1,3477,4492
10,test,19,11,1,0,0,1,8,1,3829,4924
10,test,19,12,0,1,1,0,-8,1,3333,4540
10,test,19,13,1,0,0,1,0,1,4282,5153
10,test,19,14,1,0,0,0,8,1,3359,4358
10,test,19,15,0,1,1,0,-11,1,4051,4954
10,test,19,16,0,1,1,0,-5,1,3350,4261
10,test,19,17,1,0,0,0,-40,2,3056,3887
10,test,19,18,0,1,0,1,11,1,3479,4398
10,test,19,19,1,0,0,0,10,1,3175,4006
10,test,19,20,1,0,0,0,-45,2,2698,3633
10,test,19,21,0,1,0,1,6,1,3638,4621
10,test,19,22,1,0,0,0,11,1,3218,4137
10,test,19,23,0,1,1,0,-17,1,3089,4008
10,test,19,24,0,1,1,0,-24,1,3045,4100
10,test,19,25,1,0,0,1,5,1,3428,4411
10,test,19,26,0,1,1,0,-5,1,3197,4004
10,test,19,27,0,1,0,0,-42,1,3094,5277
10,test,19,28,1,0,0,0,8,1,3816,4855
10,test,19,29,0,1,0,0,-46,1,3041,3992
10,test,19,30,1,0,0,1,3,2,3404,4387
10,test,19,31,1,0,0,0,10,2,2730,3657
10,test,19,32,0,1,0,1,7,1,3115,4090
10,test,19,33,0,1,1,0,-3,1,3053,3948
10,test,19,34,1,0,0,0,-37,2,2875,3786
10,test,19,35,1,0,0,0,7,2,2973,3948
10,test,19,36,1,0,0,0,6,1,3503,4406
11,baseline,2,1,0,1,0,0,-32,2,6137,8472
11,baseline,2,2,0,1,0,0,-30,2,3136,4199
11,baseline,2,3,1,0,0,0,-27,1,2938,3937
11,baseline,2,4,1,0,0,0,-9,1,3036,3914
11,baseline,2,5,0,1,0,0,-35,2,2760,3887
11,baseline,2,6,1,0,0,0,-18,1,2171,3122
11,baseline,2,7,1,0,0,0,-7,1,1808,2703
11,baseline,2,8,0,1,0,0,-40,2,2586,3449
11,baseline,2,9,0,1,0,0,-38,2,1878,2661
11,baseline,2,10,1,0,0,0,-1,1,2821,3868
11,acq,4,1,0,1,1,0,-31,2,2617,3712
11,acq,4,2,1,0,0,0,14,1,1807,2694
11,acq,4,3,0,1,1,0,-35,2,2041,2912
11,acq,4,4,1,0,0,0,20,1,2489,3440
11,acq,4,5,0,1,1,0,-39,2,2166,3333
11,acq,4,6,1,0,0,0,19,1,2190,3341
11,acq,4,7,1,0,0,0,14,1,2177,3144
11,acq,4,8,0,1,1,0,-33,2,2367,3302
11,acq,7,1,1,0,0,0,5,1,3233,4936
11,acq,7,2,1,0,0,0,9,1,3272,4343
11,acq,7,3,0,1,1,0,-39,2,2342,3589
11,acq,7,4,1,0,0,0,18,1,2576,3599
11,acq,7,5,1,0,0,0,21,1,2290,3441
11,acq,7,6,0,1,1,0,-33,2,2454,3277
11,acq,7,7,0,1,1,0,-35,2,1646,2485
11,acq,7,8,0,1,1,0,-28,2,2232,3023
11,acq,10,1,1,0,0,0,12,1,1969,3264
11,acq,10,2,0,1,1,0,-37,2,2160,3135
11,acq,10,3,0,1,1,0,-38,2,1983,3038
11,acq,10,4,1,0,0,0,23,1,1819,2930
11,acq,10,5,1,0,0,0,20,1,2551,3454
11,acq,10,6,0,1,1,0,-31,2,3494,4333
11,acq,10,7,1,0,0,0,24,1,2001,2880
11,acq,10,8,0,1,1,0,-40,2,1721,2536
11,test,13,1,0,1,0,0,-36,2,1641,3168
11,test,13,2,0,1,0,1,14,2,3095,4414
11,test,13,3,1,0,0,1,18,1,2118,3189
11,test,13,4,1,0,0,0,27,1,1870,2797
11,test,13,5,0,1,1,0,-42,2,2000,2951
11,test,13,6,0,1,0,0,-38,2,1880,2655
11,test,13,7,1,0,0,0,0,1,3018,4560
11,test,13,8,1,0,0,1,12,1,2083,2818
11,test,13,9,0,1,1,0,-33,2,1814,2581
11,test,13,10,0,1,1,0,-32,2,2307,3474
11,test,13,11,1,0,0,0,-5,1,1927,2934
11,test,13,12,0,1,1,0,-23,2,2276,3027
11,test,13,13,0,1,1,0,-28,2,2452,3299
11,test,13,14,1,0,0,0,24,1,1891,2714
11,test,13,15,0,1,1,0,-27,2,1601,2312
11,test,13,16,0,1,1,0,-19,2,2035,2994
11,test,13,17,1,0,0,0,25,1,1722,2585
11,test,13,18,1,0,0,0,24,1,1897,2776
11,test,13,19,0,1,1,0,-30,2,1715,2801
11,test,13,20,0,1,1,0,-39,2,1654,2789
11,test,13,21,1,0,0,0,14,1,2028,2987
11,test,13,22,0,1,0,1,6,2,2436,3219
11,test,13,23,0,1,0,0,-37,2,2168,3343
11,test,13,24,1,0,0,0,26,1,2159,3878
11,test,13,25,1,0,0,1,24,1,2781,3820
11,test,13,26,0,1,0,1,-26,2,2793,3696
11,test,13,27,1,0,0,1,23,2,2914,4034
11,test,13,28,0,1,0,1,5,2,3017,3792
11,test,13,29,0,1,0,1,2,2,1833,2680
11,test,13,30,1,0,0,0,20,1,1883,2818
11,test,13,31,1,0,0,0,-28,2,1878,3213
11,test,13,32,0,1,1,0,-8,2,1975,3326
11,test,13,33,1,0,0,0,28,1,2002,3217
11,test,13,34,1,0,0,1,21,1,1801,3016
11,test,13,35,1,0,0,0,28,1,1856,3535
11,test,13,36,1,0,0,0,18,1,3023,3814
11,test,16,1,1,0,0,0,19,1,1824,2935
11,test,16,2,1,0,0,1,20,1,2707,3554
11,test,16,3,0,1,1,0,-33,2,2360,3263
11,test,16,4,1,0,0,0,24,1,1786,2569
11,test,16,5,1,0,0,0,28,1,1785,2672
11,test,16,6,0,1,0,0,-41,2,1648,2799
11,test,16,7,1,0,0,0,20,1,1759,2902
11,test,16,8,1,0,0,0,28,1,1720,2471
11,test,16,9,0,1,1,0,-36,2,1739,2498
11,test,16,10,1,0,0,1,18,1,2798,4133
11,test,16,11,1,0,0,0,22,1,2373,3148
11,test,16,12,0,1,0,0,-38,2,2015,2878
11,test,16,13,1,0,0,0,22,1,2458,3169
11,test,16,14,0,1,1,0,-31,2,1850,2729
11,test,16,15,0,1,1,0,-30,2,1803,2554
11,test,16,16,1,0,0,0,26,1,2803,3674
11,test,16,17,1,0,0,1,21,1,1958,3141
11,test,16,18,0,1,0,0,-19,2,3247,3958
11,test,16,19,1,0,0,0,-9,1,2907,3850
11,test,16,20,1,0,0,1,18,1,1712,2431
11,test,16,21,0,1,1,0,-41,2,1795,2562
11,test,16,22,0,1,1,0,-30,2,3095,4478
11,test,16,23,1,0,0,0,29,1,2046,3029
11,test,16,24,1,0,0,1,19,1,2062,2845
11,test,16,25,0,1,0,1,-25,2,1784,2751
11,test,16,26,0,1,1,0,-40,2,2174,3109
11,test,16,27,1,0,0,0,-29,1,2078,2893
11,test,16,28,0,1,0,1,0,2,2833,3616
11,test,16,29,0,1,1,0,-35,2,2451,3714
11,test,16,30,1,0,0,0,25,1,1901,2756
11,test,16,31,1,0,0,0,-33,1,2688,3487
11,test,16,32,0,1,0,1,-3,2,4217,4960
11,test,16,33,0,1,1,0,-37,2,2028,3099
11,test,16,34,0,1,0,1,-2,2,2604,3355
11,test,16,35,0,1,0,1,3,2,2187,2906
11,test,16,36,0,1,1,0,-37,2,1811,3234
11,test,19,1,1,0,0,1,18,1,1732,3355
11,test,19,2,0,1,0,0,-41,2,1625,2616
11,test,19,3,0,1,0,0,-33,2,1681,2784
11,test,19,4,1,0,0,0,22,1,1687,2446
11,test,19,5,0,1,0,1,13,2,3992,4743
11,test,19,6,1,0,0,0,-41,1,2497,3424
11,test,19,7,0,1,1,0,-31,2,2095,2982
11,test,19,8,1,0,0,0,22,1,2057,2983
11,test,19,9,0,1,0,1,8,1,2709,3756
11,test,19,10,0,1,0,1,-8,2,2510,3453
11,test,19,11,1,0,0,0,24,1,2076,2971
11,test,19,12,0,1,0,1,5,1,2198,3028
11,test,19,13,0,1,1,0,-43,2,2034,2889
11,test,19,14,1,0,0,1,19,1,2935,3742
11,test,19,15,0,1,1,0,-40,2,2013,2876
11,test,19,16,1,0,0,0,-22,1,2598,3477
11,test,19,17,0,1,0,0,-46,2,1992,3623
11,test,19,18,1,0,0,0,25,1,2064,2847
11,test,19,19,1,0,0,0,26,1,1808,2591
11,test,19,20,0,1,1,0,-34,2,1992,2799
11,test,19,21,0,1,1,0,-46,2,1794,2617
11,test,19,22,1,0,0,0,23,2,1897,2712
11,test,19,23,1,0,0,0,30,1,1723,3034
11,test,19,24,0,1,0,1,9,2,2887,3974
11,test,19,25,1,0,0,0,-45,1,3876,5323
11,test,19,26,0,1,1,0,-40,2,2610,3433
11,test,19,27,1,0,0,0,30,1,1818,2825
11,test,19,28,0,1,1,0,-44,2,1761,2504
11,test,19,29,0,1,1,0,-42,2,2195,2946
11,test,19,30,1,0,0,1,25,1,2143,3070
11,test,19,31,1,0,0,0,28,1,1838,2949
11,test,19,32,0,1,1,0,-46,2,2682,3465
11,test,19,33,1,0,0,1,21,1,1733,2508
11,test,19,34,0,1,1,0,-37,2,1890,2641
11,test,19,35,1,0,0,0,23,1,2289,3112
11,test,19,36,1,0,0,1,12,1,1666,2705
12,baseline,2,1,1,0,0,0,-43,1,2167,4886
12,baseline,2,2,1,0,0,0,-35,1,2463,3934
12,baseline,2,3,0,1,0,0,-46,2,2585,3992
12,baseline,2,4,0,1,0,0,-29,2,3249,4312
12,baseline,2,5,1,0,0,0,-40,1,2566,3573
12,baseline,2,6,0,1,0,0,-15,2,2476,3763
12,baseline,2,7,1,0,0,0,-33,1,2509,3764
12,baseline,2,8,0,1,0,0,-37,2,1853,2716
12,baseline,2,9,1,0,0,0,-34,1,2521,3704
12,baseline,2,10,0,1,0,0,-25,2,2150,3517
12,acq,4,1,1,0,0,0,0,1,4640,6591
12,acq,4,2,1,0,0,0,5,1,2006,3445
12,acq,4,3,0,1,1,0,-19,2,2108,3539
12,acq,4,4,0,1,1,0,-12,2,2369,3752
12,acq,4,5,1,0,0,0,2,1,2282,3561
12,acq,4,6,0,1,1,0,-9,2,2343,3358
12,acq,4,7,1,0,0,0,6,1,2115,3258
12,acq,4,8,0,1,1,0,-5,2,2060,3235
12,acq,7,1,1,0,0,0,25,1,5209,7136
12,acq,7,2,1,0,0,0,35,1,3305,4543
12,acq,7,3,0,1,1,0,-11,2,3640,4695
12,acq,7,4,1,0,0,0,13,1,2377,3776
12,acq,7,5,0,1,1,0,-28,2,2687,4150
12,acq,7,6,0,1,1,0,-20,2,2720,3719
12,acq,7,7,1,0,0,0,14,1,1876,3275
12,acq,7,8,0,1,1,0,-15,2,3443,4674
12,acq,10,1,1,0,0,0,27,1,3505,5072
12,acq,10,2,1,0,0,0,41,1,3567,5646
12,acq,10,3,0,1,1,0,-4,2,4715,5553
12,acq,10,4,0,1,1,0,0,2,5389,6300
12,acq,10,5,1,0,0,0,26,1,2788,4123
12,acq,10,6,0,1,1,0,0,2,3063,4158
12,acq,10,7,1,0,0,0,37,1,1934,3253
12,acq,10,8,0,1,1,0,-3,2,2631,3718
12,test,13,1,0,1,1,0,4,2,3313,4632
12,test,13,2,0,1,1,0,0,2,2106,3097
12,test,13,3,1,0,0,0,18,1,1985,3704
12,test,13,4,1,0,0,0,23,1,2092,3003
12,test,13,5,0,1,1,0,-22,2,3098,4489
12,test,13,6,0,1,1,0,0,2,3251,4282
12,test,13,7,1,0,0,0,22,1,2626,4113
12,test,13,8,0,1,0,1,24,1,2323,3554
12,test,13,9,0,1,0,1,22,1,2381,4732
12,test,13,10,1,0,0,0,36,1,1871,3022
12,test,13,11,0,1,1,0,-2,2,2505,3552
12,test,13,12,1,0,0,0,-20,1,2862,4029
12,test,13,13,1,0,0,1,12,1,2881,3824
12,test,13,14,0,1,1,0,-1,2,2738,3953
12,test,13,15,1,0,0,0,-28,1,2458,3825
12,test,13,16,0,1,1,0,1,2,2483,3730
12,test,13,17,1,0,0,0,21,1,2142,3317
12,test,13,18,1,0,0,0,19,1,1875,2890
12,test,13,19,0,1,0,1,8,1,2500,3515
12,test,13,20,1,0,0,1,8,1,2185,3648
12,test,13,21,0,1,0,1,0,1,3518,4629
12,test,13,22,1,0,0,0,19,1,1940,2843
12,test,13,23,1,0,0,1,-7,1,2298,4137
12,test,13,24,0,1,1,0,-24,1,3327,4326
12,test,13,25,0,1,1,0,-4,1,2426,3457
12,test,13,26,1,0,0,0,17,1,3211,4122
12,test,13,27,0,1,0,0,-21,1,4723,9498
12,test,13,28,0,1,0,0,-21,1,5179,6906
12,test,13,29,1,0,0,0,1,1,2888,4191
12,test,13,30,1,0,0,1,12,1,1848,2711
12,test,13,31,0,1,0,1,8,1,3794,5137
12,test,13,32,0,1,0,0,-21,2,2245,3284
12,test,13,33,1,0,0,1,7,1,2581,3636
12,test,13,34,0,1,1,0,-6,2,2297,3080
12,test,13,35,1,0,0,0,29,1,2842,3897
12,test,13,36,1,0,0,0,31,1,2242,3497
12,test,16,1,1,0,0,0,8,1,1704,2847
12,test,16,2,0,1,1,0,-26,2,2033,3288
12,test,16,3,1,0,0,0,16,1,2067,3338
12,test,16,4,1,0,0,0,17,1,1825,2896
12,test,16,5,0,1,0,1,5,2,3655,4622
12,test,16,6,0,1,1,0,-4,2,2579,3378
12,test,16,7,1,0,0,1,1,1,2553,3608
12,test,16,8,0,1,1,0,-8,1,3205,4060
12,test,16,9,1,0,0,0,-32,1,1987,3090
12,test,16,10,0,1,0,1,6,2,4014,5365
12,test,16,11,0,1,1,0,-32,2,1776,2846
12,test,16,12,1,0,0,0,20,1,1740,2851
12,test,16,13,0,1,0,0,-35,2,3032,4183
12,test,16,14,1,0,0,1,18,1,1929,2784
12,test,16,15,0,1,0,1,10,2,4553,5752
12,test,16,16,1,0,0,0,15,1,2161,3184
12,test,16,17,1,0,0,1,8,1,3246,4605
12,test,16,18,0,1,0,1,7,2,2451,3370
12,test,16,19,1,0,0,0,17,1,2241,3360
12,test,16,20,1,0,0,1,6,1,2374,3293
12,test,16,21,0,1,1,0,-41,2,2073,3216
12,test,16,22,1,0,0,0,-41,1,2184,3375
12,test,16,23,0,1,0,0,-30,2,2981,4052
12,test,16,24,0,1,1,0,-17,2,3058,5273
12,test,16,25,1,0,0,0,21,1,1569,2408
12,test,16,26,0,1,1,0,-14,2,1961,3272
12,test,16,27,1,0,0,0,19,1,1805,2868
12,test,16,28,1,0,0,0,17,1,2080,3407
12,test,16,29,0,1,1,0,-35,2,2560,3575
12,test,16,30,0,1,0,0,-26,2,1865,2744
12,test,16,31,1,0,0,1,12,1,1959,2966
12,test,16,32,0,1,0,1,7,1,2083,2874
12,test,16,33,1,0,0,0,-13,1,3445,4908
12,test,16,34,0,1,1,0,-34,2,2934,3981
12,test,16,35,0,1,1,0,-19,2,2557,3691
12,test,16,36,1,0,0,0,18,1,2621,3628
12,test,19,1,0,1,1,0,-39,1,3011,4146
12,test,19,2,0,1,1,0,2,1,2999,4294
12,test,19,3,1,0,0,1,8,1,2493,4228
12,test,19,4,0,1,0,1,6,1,2236,3371
12,test,19,5,0,1,1,0,-28,2,1651,2673
12,test,19,6,1,0,0,0,-38,1,1887,2894
12,test,19,7,0,1,0,1,5,1,2497,3456
12,test,19,8,0,1,0,1,4,1,1902,2709
12,test,19,9,1,0,0,0,-38,1,2292,3403
12,test,19,10,1,0,0,0,22,1,1630,2741
12,test,19,11,0,1,0,0,-36,2,2070,3109
12,test,19,12,0,1,1,0,-25,2,2457,3656
12,test,19,13,1,0,0,0,4,1,2406,3349
12,test,19,14,1,0,0,0,20,1,1923,3066
12,test,19,15,0,1,1,0,-27,2,1706,2529
12,test,19,16,1,0,0,0,23,1,2242,3305
12,test,19,17,1,0,0,0,16,1,2261,3948
12,test,19,18,0,1,0,0,-42,2,1929,3008
12,test,19,19,1,0,0,0,9,1,2027,2946
12,test,19,20,0,1,1,0,-34,2,1912,3031
12,test,19,21,1,0,0,1,13,1,1872,3167
12,test,19,22,1,0,0,1,-18,1,2454,3453
12,test,19,23,0,1,0,1,-36,2,2995,4226
12,test,19,24,1,0,0,1,10,1,2130,3041
12,test,19,25,0,1,0,1,4,1,2068,3147
12,test,19,26,1,0,0,0,30,1,2219,3114
12,test,19,27,0,1,1,0,-37,2,2054,4101
12,test,19,28,0,1,1,0,-36,2,2770,3985
12,test,19,29,1,0,0,0,12,1,1941,3140
12,test,19,30,1,0,0,0,26,1,1644,2827
12,test,19,31,0,1,1,0,-33,2,1989,2852
12,test,19,32,1,0,0,1,17,1,1746,3241
12,test,19,33,1,0,0,0,0,1,2939,4538
12,test,19,34,0,1,1,0,-6,2,2806,3845
12,test,19,35,0,1,0,0,-37,2,1652,2867
12,test,19,36,1,0,0,0,-37,1,2201,3808
14,baseline,2,1,1,0,0,0,-28,2,4928,6759
14,baseline,2,2,0,1,0,0,-50,1,3417,4656
14,baseline,2,3,0,1,0,0,-48,1,5058,6361
14,baseline,2,4,1,0,0,0,-50,2,3583,5014
14,baseline,2,5,1,0,0,0,-49,2,3724,4787
14,baseline,2,6,0,1,0,0,-49,1,2984,7175
14,baseline,2,7,0,1,0,0,-49,1,4583,5614
14,baseline,2,8,1,0,0,0,-50,2,3136,4151
14,baseline,2,9,1,0,0,0,-50,2,3104,4871
14,baseline,2,10,0,1,0,0,-49,1,2750,4341
14,acq,4,1,0,1,1,0,-48,1,3633,5088
14,acq,4,2,0,1,1,0,-50,1,2373,3476
14,acq,4,3,1,0,0,0,-45,2,3280,4815
14,acq,4,4,0,1,1,0,-50,1,4092,5283
14,acq,4,5,1,0,0,0,-47,2,2865,4024
14,acq,4,6,1,0,0,0,-48,2,3028,4171
14,acq,4,7,0,1,1,0,-48,1,2914,4377
14,acq,4,8,1,0,0,0,-42,2,2929,5520
14,acq,7,1,0,1,1,0,-46,1,3440,5551
14,acq,7,2,1,0,0,0,0,2,3072,5359
14,acq,7,3,1,0,0,0,0,2,3254,4557
14,acq,7,4,0,1,1,0,-49,1,3189,4283
14,acq,7,5,1,0,0,0,-16,2,5164,10347
14,acq,7,6,1,0,0,0,1,2,2934,4069
14,acq,7,7,0,1,1,0,-48,1,4946,6545
14,acq,7,8,0,1,1,0,-46,1,3209,4352
14,acq,10,1,0,1,1,0,-47,1,3336,4551
14,acq,10,2,0,1,1,0,-41,1,4973,6396
14,acq,10,3,1,0,0,0,10,2,3521,4800
14,acq,10,4,1,0,0,0,7,2,3035,4458
14,acq,10,5,0,1,1,0,-38,1,4557,5780
14,acq,10,6,1,0,0,0,13,2,2604,3651
14,acq,10,7,1,0,0,0,9,2,2705,4320
14,acq,10,8,0,1,1,0,-29,1,2821,4004
14,test,13,1,1,0,0,0,4,2,2843,4202
14,test,13,2,1,0,0,0,8,2,2899,4194
14,test,13,3,0,1,1,0,-36,1,1815,3078
14,test,13,4,0,1,1,0,-38,1,3125,4228
14,test,13,5,1,0,0,1,7,2,3205,4580
14,test,13,6,1,0,0,0,5,2,2117,3188
14,test,13,7,0,1,0,1,0,1,4661,5852
14,test,13,8,1,0,0,0,2,2,4534,6237
14,test,13,9,0,1,1,0,-42,1,3448,5087
14,test,13,10,0,1,0,0,-42,1,3127,4142
14,test,13,11,1,0,0,0,-3,2,5795,7234
14,test,13,12,0,1,1,0,-24,1,2845,3868
14,test,13,13,1,0,0,0,2,2,3048,3895
14,test,13,14,0,1,0,1,3,2,2559,3558
14,test,13,15,0,1,0,1,5,1,2628,3691
14,test,13,16,1,0,0,0,4,2,4470,5333
14,test,13,17,0,1,0,1,0,1,2997,4044
14,test,13,18,1,0,0,0,2,2,2431,3582
14,test,13,19,1,0,0,0,4,2,2541,3508
14,test,13,20,0,1,1,0,-5,1,5710,7461
14,test,13,21,0,1,0,1,10,1,3431,9134
14,test,13,22,1,0,0,0,-13,2,3488,4887
14,test,13,23,0,1,0,0,-12,1,3349,5356
14,test,13,24,1,0,0,1,12,2,3622,5413
14,test,13,25,1,0,0,1,9,2,2307,3242
14,test,13,26,0,1,1,0,-22,1,3054,4005
14,test,13,27,0,1,0,0,-30,1,2478,3573
14,test,13,28,1,0,0,1,5,2,2485,3332
14,test,13,29,1,0,0,0,19,2,2476,3907
14,test,13,30,0,1,1,0,-9,1,2591,3662
14,test,13,31,0,1,1,0,-26,1,2413,3868
14,test,13,32,1,0,0,0,-7,2,2653,3740
14,test,13,33,1,0,0,1,4,2,2347,3378
14,test,13,34,0,1,1,0,-7,1,3134,4293
14,test,13,35,1,0,0,0,9,2,2300,3211
14,test,13,36,0,1,1,0,-7,1,2054,3381
14,test,16,1,0,1,1,0,-45,1,2721,4032
14,test,16,2,1,0,0,0,9,2,2592,3423
14,test,16,3,1,0,0,0,9,2,2218,3177
14,test,16,4,0,1,0,0,9,1,2060,7627
14,test,16,5,1,0,0,0,8,2,2183,2966
14,test,16,6,1,0,0,0,-7,2,2636,6731
14,test,16,7,0,1,1,0,-29,1,2476,3827
14,test,16,8,1,0,0,0,11,2,1871,2854
14,test,16,9,1,0,0,0,15,2,1646,2661
14,test,16,10,0,1,0,1,2,1,3243,4410
14,test,16,11,1,0,0,0,6,2,2178,3113
14,test,16,12,1,0,0,1,10,2,2627,3802
14,test,16,13,0,1,0,1,2,1,4093,5500
14,test,16,14,0,1,0,0,-43,1,2207,3654
14,test,16,15,1,0,0,1,4,2,4471,5494
14,test,16,16,1,0,0,0,4,2,2993,4920
14,test,16,17,0,1,0,1,-2,1,4446,7093
14,test,16,18,0,1,0,1,0,1,3693,5132
14,test,16,19,1,0,0,1,3,2,5069,6380
14,test,16,20,1,0,0,0,10,2,2361,3408
14,test,16,21,0,1,1,0,-44,1,4085,6236
14,test,16,22,1,0,0,1,10,2,2766,3837
14,test,16,23,0,1,1,0,0,1,3519,5294
14,test,16,24,1,0,0,0,12,2,3388,4883
14,test,16,25,1,0,0,0,6,2,5741,6908
14,test,16,26,0,1,0,1,-4,1,2450,5393
14,test,16,27,1,0,0,0,-8,2,2900,4019
14,test,16,28,0,1,0,0,-13,1,1932,2875
14,test,16,29,0,1,1,0,-27,1,2342,5453
14,test,16,30,1,0,0,1,11,2,2301,3492
14,test,16,31,0,1,1,0,-9,1,6026,7345
14,test,16,32,0,1,1,0,-9,1,1998,3757
14,test,16,33,1,0,0,0,6,2,2303,3606
14,test,16,34,0,1,1,0,-12,1,2370,3665
14,test,16,35,0,1,1,0,-8,1,2153,3232
14,test,16,36,0,1,1,0,-19,2,2084,3155
14,test,19,1,1,0,0,0,-39,NA,11217,NA
14,test,19,2,1,0,0,0,8,2,2243,3306
14,test,19,3,0,1,1,0,-2,1,6524,8587
14,test,19,4,1,0,0,0,-2,2,3403,4810
14,test,19,5,0,1,1,0,-5,1,3101,4172
14,test,19,6,0,1,1,0,-5,1,2579,3818
14,test,19,7,1,0,0,0,9,2,2000,3311
14,test,19,8,0,1,1,0,-5,1,2614,4285
14,test,19,9,1,0,0,0,9,2,2226,3897
14,test,19,10,0,1,1,0,-17,1,2322,3585
14,test,19,11,0,1,1,0,-13,1,3527,6757
14,test,19,12,1,0,0,0,7,2,2367,3838
14,test,19,13,1,0,0,0,12,2,2272,3255
14,test,19,14,0,1,1,0,-8,1,4552,5591
14,test,19,15,1,0,0,1,4,2,5328,6439
14,test,19,16,1,0,0,1,10,2,1862,2805
14,test,19,17,0,1,0,1,4,1,5949,7572
14,test,19,18,0,1,0,0,-5,1,3851,6106
14,test,19,19,1,0,0,0,-10,2,2608,5855
14,test,19,20,1,0,0,0,11,2,1942,3181
14,test,19,21,0,1,0,1,1,1,4994,6385
14,test,19,22,0,1,0,0,-8,1,2788,3875
14,test,19,23,1,0,0,1,7,1,2484,8562
14,test,19,24,0,1,1,0,-34,2,4837,5916
14,test,19,25,1,0,0,1,7,2,2076,4403
14,test,19,26,1,0,0,0,8,2,2280,3463
14,test,19,27,0,1,0,1,1,1,3388,4394
14,test,19,28,1,0,0,0,3,2,1945,3608
14,test,19,29,0,1,1,0,-38,1,2521,4240
14,test,19,30,1,0,0,0,5,2,2379,3802
14,test,19,31,0,1,0,1,2,1,3850,5697
14,test,19,32,0,1,0,1,4,1,2480,3983
14,test,19,33,1,0,0,1,4,2,1803,2930
14,test,19,34,0,1,0,0,-16,2,3999,5414
14,test,19,35,0,1,1,0,-16,1,2144,2927
14,test,19,36,1,0,0,0,3,2,2026,3017
15,baseline,2,1,0,1,0,0,-33,1,3714,6145
15,baseline,2,2,0,1,0,0,-37,1,5772,7219
15,baseline,2,3,1,0,0,0,-37,2,3901,5172
15,baseline,2,4,1,0,0,0,-36,2,3850,4977
15,baseline,2,5,0,1,0,0,-34,2,3979,5714
15,baseline,2,6,1,0,0,0,-38,2,2772,3675
15,baseline,2,7,0,1,0,0,-37,1,2534,3725
15,baseline,2,8,0,1,0,0,-37,1,2965,4788
15,baseline,2,9,1,0,0,0,-38,2,2760,3743
15,baseline,2,10,1,0,0,0,-36,2,3193,4024
15,acq,4,1,0,1,1,0,-35,1,3288,6959
15,acq,4,2,1,0,0,0,0,1,4475,6458
15,acq,4,3,1,0,0,0,0,1,2367,3622
15,acq,4,4,0,1,1,0,-35,1,2564,4643
15,acq,4,5,0,1,1,0,-32,1,2705,3536
15,acq,4,6,1,0,0,0,0,1,4390,5965
15,acq,4,7,1,0,0,0,2,1,2859,4250
15,acq,4,8,0,1,1,0,-42,1,2437,3468
15,acq,7,1,0,1,1,0,-37,1,4649,6519
15,acq,7,2,1,0,0,0,1,2,2806,3909
15,acq,7,3,0,1,1,0,-35,1,2560,3519
15,acq,7,4,1,0,0,0,0,2,3453,4308
15,acq,7,5,1,0,0,0,6,1,2916,4747
15,acq,7,6,0,1,1,0,-35,1,1912,2711
15,acq,7,7,0,1,1,0,-33,1,3800,4743
15,acq,7,8,1,0,0,0,4,2,2840,3647
15,acq,10,1,0,1,1,0,-32,1,4065,5552
15,acq,10,2,0,1,1,0,-35,1,2406,3445
15,acq,10,3,1,0,0,0,7,2,3429,4787
15,acq,10,4,1,0,0,0,9,2,2764,3715
15,acq,10,5,0,1,1,0,-33,1,2977,3864
15,acq,10,6,0,1,1,0,-34,1,3720,5047
15,acq,10,7,1,0,0,0,10,2,2336,3135
15,acq,10,8,1,0,0,0,10,2,2231,2974
15,test,13,1,0,1,1,0,-34,1,1929,3496
15,test,13,2,1,0,0,0,1,1,2765,4612
15,test,13,3,1,0,0,0,-42,2,2509,3540
15,test,13,4,0,1,1,0,-33,1,3440,4751
15,test,13,5,0,1,1,0,-36,1,4637,5972
15,test,13,6,1,0,0,0,9,1,2388,4931
15,test,13,7,0,1,1,0,-34,1,2616,4375
15,test,13,8,1,0,0,0,4,1,3053,7636
15,test,13,9,0,1,1,0,-34,1,2370,4001
15,test,13,10,1,0,0,0,10,1,2972,3899
15,test,13,11,0,1,0,1,0,1,2213,3564
15,test,13,12,0,1,0,0,-42,1,2355,3778
15,test,13,13,1,0,0,0,6,2,2941,3716
15,test,13,14,0,1,0,0,-41,1,1891,3098
15,test,13,15,1,0,0,1,1,2,2598,3501
15,test,13,16,1,0,0,0,-1,1,2318,3325
15,test,13,17,0,1,0,1,1,1,2682,3729
15,test,13,18,0,1,0,1,0,1,2072,2911
15,test,13,19,1,0,0,0,5,2,2850,3617
15,test,13,20,0,1,0,1,3,1,1998,3677
15,test,13,21,0,1,0,0,-41,1,2373,3292
15,test,13,22,1,0,0,1,1,2,2237,3028
15,test,13,23,0,1,1,0,-35,1,2261,3388
15,test,13,24,0,1,1,0,-36,1,2503,3518
15,test,13,25,1,0,0,0,-37,2,2552,3511
15,test,13,26,0,1,0,1,1,1,2687,4070
15,test,13,27,1,0,0,1,2,1,3595,4850
15,test,13,28,0,1,1,0,-36,1,3741,4572
15,test,13,29,1,0,0,0,2,1,2558,3669
15,test,13,30,1,0,0,1,3,1,2080,3175
15,test,13,31,0,1,1,0,-34,1,1944,2807
15,test,13,32,1,0,0,0,0,1,2509,3580
15,test,13,33,0,1,1,0,-33,1,3147,6434
15,test,13,34,1,0,0,1,0,1,1846,2845
15,test,13,35,1,0,0,0,-46,2,2480,3399
15,test,13,36,1,0,0,0,1,1,2129,3328
15,test,16,1,1,0,0,1,-29,1,3809,5008
15,test,16,2,1,0,0,0,-36,2,2076,3099
15,test,16,3,0,1,0,1,0,1,2480,3654
15,test,16,4,1,0,0,1,0,1,2583,3662
15,test,16,5,1,0,0,0,4,1,3255,4246
15,test,16,6,0,1,1,0,-35,1,2852,3747
15,test,16,7,0,1,1,0,-31,1,2184,2935
15,test,16,8,1,0,0,0,-28,1,2454,3517
15,test,16,9,1,0,0,0,3,1,2548,3347
15,test,16,10,0,1,0,0,-39,1,2978,3801
15,test,16,11,1,0,0,0,0,1,2724,3963
15,test,16,12,1,0,0,0,7,1,3148,3899
15,test,16,13,0,1,1,0,-38,1,1909,2636
15,test,16,14,1,0,0,0,0,1,2273,3192
15,test,16,15,1,0,0,0,5,1,1831,2654
15,test,16,16,0,1,0,1,1,1,2358,3645
15,test,16,17,0,1,1,0,-37,1,3136,4119
15,test,16,18,1,0,0,1,4,2,2923,3674
15,test,16,19,0,1,0,0,-35,1,3542,4357
15,test,16,20,0,1,0,1,0,1,2721,3776
15,test,16,21,1,0,0,1,1,1,2437,3324
15,test,16,22,1,0,0,0,-46,2,2772,3707
15,test,16,23,0,1,0,1,3,1,2400,3199
15,test,16,24,0,1,1,0,-16,1,2577,3640
15,test,16,25,1,0,0,0,3,2,2146,3601
15,test,16,26,0,1,1,0,-43,1,2366,3301
15,test,16,27,0,1,1,0,-30,1,2553,3296
15,test,16,28,1,0,0,1,1,1,3332,5843
15,test,16,29,0,1,1,0,-41,1,2225,3104
15,test,16,30,1,0,0,0,3,1,2665,3776
15,test,16,31,1,0,0,0,11,1,2583,3526
15,test,16,32,0,1,0,0,-40,1,2071,2878
15,test,16,33,0,1,0,1,9,1,2766,3805
15,test,16,34,1,0,0,0,-44,2,2186,3449
15,test,16,35,0,1,1,0,-31,1,1955,2730
15,test,16,36,0,1,1,0,-30,1,2432,3695
15,test,19,1,0,1,0,0,-38,1,4080,5191
15,test,19,2,1,0,0,0,0,1,3573,4484
15,test,19,3,1,0,0,0,2,2,2928,4719
15,test,19,4,0,1,0,0,-39,1,2354,3177
15,test,19,5,1,0,0,1,-1,1,3239,4590
15,test,19,6,1,0,0,0,3,1,2679,3446
15,test,19,7,0,1,0,1,-2,1,2342,3117
15,test,19,8,0,1,1,0,-39,1,1897,2696
15,test,19,9,1,0,0,0,7,1,2417,3136
15,test,19,10,0,1,0,1,0,1,2474,3209
15,test,19,11,1,0,0,0,-42,2,2126,3093
15,test,19,12,0,1,1,0,-35,1,2651,3378
15,test,19,13,0,1,0,1,0,1,1939,2922
15,test,19,14,1,0,0,0,-43,2,2619,3658
15,test,19,15,1,0,0,1,-21,1,2594,3569
15,test,19,16,0,1,1,0,-32,1,2157,2996
15,test,19,17,0,1,1,0,-34,1,1826,2625
15,test,19,18,1,0,0,0,0,2,2238,3277
15,test,19,19,0,1,1,0,-34,1,2241,3216
15,test,19,20,1,0,0,1,0,2,2439,3254
15,test,19,21,0,1,1,0,-37,1,2303,3286
15,test,19,22,0,1,0,1,-9,1,2108,3107
15,test,19,23,1,0,0,1,-25,1,3015,3894
15,test,19,24,0,1,1,0,-29,1,2913,3768
15,test,19,25,0,1,1,0,-36,1,2407,3598
15,test,19,26,1,0,0,0,3,2,3174,4317
15,test,19,27,1,0,0,0,5,2,1889,3008
15,test,19,28,0,1,1,0,-38,1,2141,2964
15,test,19,29,0,1,0,0,-44,1,2084,2883
15,test,19,30,1,0,0,0,-4,1,2534,3485
15,test,19,31,0,1,1,0,-40,1,2254,2957
15,test,19,32,1,0,0,0,3,1,2792,3479
15,test,19,33,1,0,0,1,-13,1,4869,5620
15,test,19,34,0,1,0,1,-11,1,2367,3062
15,test,19,35,1,0,0,0,-43,2,1945,2816
15,test,19,36,1,0,0,0,1,1,2016,2775
16,baseline,2,1,1,0,0,0,-50,2,4621,6716
16,baseline,2,2,0,1,0,0,-50,1,5521,7320
16,baseline,2,3,1,0,0,0,-50,2,3419,4938
16,baseline,2,4,0,1,0,0,-50,1,2596,5171
16,baseline,2,5,1,0,0,0,-50,1,2574,4557
16,baseline,2,6,0,1,0,0,-50,1,2800,4559
16,baseline,2,7,1,0,0,0,-50,2,2749,4357
16,baseline,2,8,0,1,0,0,-49,1,2815,4454
16,baseline,2,9,0,1,0,0,-50,1,3723,5506
16,baseline,2,10,1,0,0,0,-50,2,2762,4497
16,acq,4,1,1,0,0,0,-25,2,5161,7744
16,acq,4,2,1,0,0,0,-25,2,4220,7026
16,acq,4,3,0,1,1,0,-31,1,3370,5049
16,acq,4,4,1,0,0,0,-27,2,2544,4159
16,acq,4,5,1,0,0,0,-19,2,3825,5392
16,acq,4,6,0,1,1,0,-33,1,1990,3477
16,acq,4,7,0,1,1,0,-44,1,2288,3575
16,acq,4,8,0,1,1,0,-43,1,2607,4054
16,acq,7,1,0,1,1,0,-50,1,4401,5648
16,acq,7,2,0,1,1,0,-41,1,3139,4650
16,acq,7,3,1,0,0,0,5,2,9020,10379
16,acq,7,4,0,1,1,0,-50,1,3189,4356
16,acq,7,5,1,0,0,0,6,2,4130,6689
16,acq,7,6,1,0,0,0,6,2,3605,5356
16,acq,7,7,0,1,1,0,-13,1,7174,8789
16,acq,7,8,1,0,0,0,7,2,4101,7356
16,acq,10,1,1,0,0,0,8,1,5449,7855
16,acq,10,2,0,1,1,0,-25,1,6079,8254
16,acq,10,3,1,0,0,0,7,2,2817,3960
16,acq,10,4,0,1,1,0,-28,1,2991,4190
16,acq,10,5,1,0,0,0,7,2,2667,3930
16,acq,10,6,1,0,0,0,9,2,3331,4706
16,acq,10,7,0,1,1,0,-30,1,4016,5671
16,acq,10,8,0,1,1,0,-38,1,2246,3517
16,test,13,1,1,0,0,0,7,2,4881,7208
16,test,13,2,0,1,0,1,6,1,2842,4089
16,test,13,3,1,0,0,0,9,1,3129,6304
16,test,13,4,1,0,0,0,-32,2,4150,7141
16,test,13,5,0,1,1,0,-10,1,3334,4357
16,test,13,6,0,1,0,1,6,1,3537,5104
16,test,13,7,1,0,0,0,11,2,2645,5788
16,test,13,8,0,1,1,0,-26,1,3377,4464
16,test,13,9,0,1,0,0,-37,1,2521,3760
16,test,13,10,1,0,0,1,6,2,3632,4463
16,test,13,11,1,0,0,0,13,2,2895,3974
16,test,13,12,0,1,0,1,6,1,3499,6506
16,test,13,13,1,0,0,1,10,2,2658,3529
16,test,13,14,0,1,1,0,-7,1,1999,3614
16,test,13,15,0,1,1,0,-14,1,2524,3899
16,test,13,16,1,0,0,0,-12,2,5668,6611
16,test,13,17,1,0,0,0,12,1,3164,5387
16,test,13,18,0,1,1,0,-6,1,3864,5991
16,test,13,19,1,0,0,0,-14,2,2068,3299
16,test,13,20,1,0,0,1,6,1,4549,8060
16,test,13,21,0,1,0,1,7,1,3988,5403
16,test,13,22,1,0,0,0,13,1,2441,4424
16,test,13,23,1,0,0,1,10,2,2695,3926
16,test,13,24,0,1,1,0,-16,1,5180,6907
16,test,13,25,0,1,0,0,-36,1,3196,4259
16,test,13,26,1,0,0,0,5,2,2462,3381
16,test,13,27,1,0,0,0,11,2,2611,5906
16,test,13,28,0,1,0,1,5,2,2071,3006
16,test,13,29,1,0,0,0,10,1,3037,4796
16,test,13,30,1,0,0,0,7,2,2562,3641
16,test,13,31,0,1,0,0,-34,1,3057,4088
16,test,13,32,0,1,1,0,-6,1,2645,4244
16,test,13,33,1,0,0,1,7,2,2106,3065
16,test,13,34,0,1,1,0,-7,1,1979,3066
16,test,13,35,0,1,1,0,-7,1,3578,4873
16,test,13,36,0,1,1,0,-8,1,2146,3537
16,test,16,1,1,0,0,0,12,2,2969,4432
16,test,16,2,1,0,0,0,-31,1,3772,6467
16,test,16,3,0,1,1,0,-6,1,3297,4992
16,test,16,4,0,1,0,0,-13,1,2849,4368
16,test,16,5,1,0,0,1,5,2,3482,4929
16,test,16,6,0,1,1,0,-5,1,3069,4604
16,test,16,7,1,0,0,0,15,2,2685,3900
16,test,16,8,0,1,0,1,13,2,2336,3703
16,test,16,9,0,1,0,1,11,2,4098,5113
16,test,16,10,1,0,0,0,16,2,2494,3869
16,test,16,11,1,0,0,0,20,2,2476,4659
16,test,16,12,0,1,0,1,8,1,4559,5854
16,test,16,13,0,1,1,0,-6,1,3350,4965
16,test,16,14,1,0,0,0,7,2,2303,4166
16,test,16,15,1,0,0,1,12,2,3080,4007
16,test,16,16,0,1,1,0,-13,1,1973,3364
16,test,16,17,0,1,1,0,-8,1,2848,3959
16,test,16,18,1,0,0,0,4,2,3756,6147
16,test,16,19,1,0,0,0,14,2,2206,3109
16,test,16,20,0,1,0,0,-33,1,1881,3088
16,test,16,21,0,1,0,0,-24,1,2344,3975
16,test,16,22,1,0,0,0,-23,2,2881,3800
16,test,16,23,0,1,1,0,6,1,3990,5309
16,test,16,24,0,1,0,1,5,2,2862,4197
16,test,16,25,1,0,0,0,13,2,2115,3154
16,test,16,26,0,1,1,0,-5,1,2855,4470
16,test,16,27,1,0,0,1,6,2,2575,3374
16,test,16,28,0,1,0,1,6,1,2413,4556
16,test,16,29,0,1,1,0,-15,1,3638,5565
16,test,16,30,1,0,0,0,-34,2,2268,3155
16,test,16,31,1,0,0,1,4,1,3229,4500
16,test,16,32,0,1,1,0,-7,1,2457,4504
16,test,16,33,1,0,0,0,16,2,1969,2864
16,test,16,34,1,0,0,0,12,2,1969,2824
16,test,16,35,0,1,1,0,-14,1,1805,3116
16,test,16,36,1,0,0,1,4,2,3163,5090
16,test,19,1,1,0,0,0,17,1,5393,6816
16,test,19,2,1,0,0,0,19,2,2371,5250
16,test,19,3,0,1,0,1,11,1,2581,3804
16,test,19,4,1,0,0,0,10,2,2690,3801
16,test,19,5,0,1,1,0,-6,1,1928,3119
16,test,19,6,1,0,0,0,-28,2,2252,3283
16,test,19,7,0,1,1,0,-13,1,2498,3513
16,test,19,8,1,0,0,1,7,2,2199,4598
16,test,19,9,1,0,0,1,7,1,2458,3833
16,test,19,10,0,1,1,0,-11,1,3431,4870
16,test,19,11,0,1,1,0,-6,2,2858,4865
16,test,19,12,1,0,0,1,7,2,2201,3152
16,test,19,13,0,1,1,0,-5,1,2677,4060
16,test,19,14,0,1,0,1,5,1,2532,3987
16,test,19,15,1,0,0,0,13,2,2446,3309
16,test,19,16,1,0,0,0,11,1,2178,3697
16,test,19,17,0,1,1,0,-5,1,3193,5080
16,test,19,18,1,0,0,0,-20,2,1644,2515
16,test,19,19,0,1,0,1,12,1,1879,4278
16,test,19,20,0,1,0,0,-16,1,2120,4055
16,test,19,21,1,0,0,0,16,2,1898,2929
16,test,19,22,1,0,0,1,11,2,2771,3850
16,test,19,23,0,1,1,0,-8,1,2389,3740
16,test,19,24,0,1,0,1,5,2,2735,3550
16,test,19,25,1,0,0,1,8,1,5979,7777
16,test,19,26,0,1,0,1,8,1,2386,3241
16,test,19,27,1,0,0,0,14,2,3399,4446
16,test,19,28,0,1,0,0,-19,1,3820,5691
16,test,19,29,1,0,0,0,13,2,2508,3283
16,test,19,30,1,0,0,0,7,2,2081,3080
16,test,19,31,0,1,1,0,-12,1,3711,4694
16,test,19,32,0,1,1,0,-9,1,1987,2890
16,test,19,33,1,0,0,0,6,1,1861,4492
16,test,19,34,0,1,1,0,-12,1,2996,4643
16,test,19,35,0,1,0,0,-25,1,2760,3719
16,test,19,36,1,0,0,0,-18,1,3737,4992
17,baseline,2,1,0,1,0,0,-4,2,3370,5353
17,baseline,2,2,1,0,0,0,-2,1,5923,7634
17,baseline,2,3,0,1,0,0,-4,2,3581,4828
17,baseline,2,4,0,1,0,0,-4,2,2872,4143
17,baseline,2,5,1,0,0,0,-8,1,2274,3713
17,baseline,2,6,1,0,0,0,-2,1,3339,4474
17,baseline,2,7,0,1,0,0,-3,2,2744,3903
17,baseline,2,8,1,0,0,0,-10,1,2888,4111
17,baseline,2,9,0,1,0,0,-6,2,2063,3142
17,baseline,2,10,1,0,0,0,-11,1,2326,4141
17,acq,4,1,0,1,1,0,0,2,3065,5496
17,acq,4,2,1,0,0,0,0,1,2990,4437
17,acq,4,3,0,1,1,0,0,2,2661,4116
17,acq,4,4,1,0,0,0,1,1,3454,4813
17,acq,4,5,0,1,1,0,0,2,3077,3972
17,acq,4,6,1,0,0,0,1,1,2532,4179
17,acq,4,7,0,1,1,0,1,2,3387,4410
17,acq,4,8,1,0,0,0,5,1,1912,3271
17,acq,7,1,1,0,0,0,13,1,2640,4367
17,acq,7,2,1,0,0,0,13,1,4829,6292
17,acq,7,3,0,1,1,0,3,2,4493,6100
17,acq,7,4,0,1,1,0,6,2,2685,4052
17,acq,7,5,1,0,0,0,6,1,3277,4428
17,acq,7,6,0,1,1,0,3,2,3029,4123
17,acq,7,7,1,0,0,0,11,1,3166,4373
17,acq,7,8,0,1,1,0,6,2,2539,3642
17,acq,10,1,1,0,0,0,20,1,4473,5752
17,acq,10,2,0,1,1,0,4,2,2115,3258
17,acq,10,3,0,1,1,0,4,2,2174,3236
17,acq,10,4,1,0,0,0,11,1,2177,3680
17,acq,10,5,1,0,0,0,4,2,2186,3553
17,acq,10,6,0,1,1,0,0,2,4346,5705
17,acq,10,7,1,0,0,0,4,1,3540,4707
17,acq,10,8,0,1,1,0,0,2,2716,4259
17,test,13,1,0,1,0,1,11,2,2889,4072
17,test,13,2,0,1,0,0,3,2,3175,4790
17,test,13,3,1,0,0,0,19,1,3219,4546
17,test,13,4,0,1,0,1,9,2,2958,4053
17,test,13,5,0,1,0,0,-1,2,2458,3665
17,test,13,6,1,0,0,0,12,1,2238,3525
17,test,13,7,1,0,0,1,7,1,2384,3735
17,test,13,8,0,1,1,0,-1,2,4903,6206
17,test,13,9,0,1,1,0,1,2,2084,2971
17,test,13,10,1,0,0,1,4,1,1968,2975
17,test,13,11,1,0,0,1,7,1,5286,6573
17,test,13,12,0,1,0,1,3,2,3548,4355
17,test,13,13,1,0,0,0,13,2,6466,8689
17,test,13,14,1,0,0,0,13,1,2310,3285
17,test,13,15,0,1,1,0,0,2,5443,7322
17,test,13,16,1,0,0,0,1,1,2276,3675
17,test,13,17,0,1,1,0,0,2,3426,4393
17,test,13,18,0,1,0,1,2,2,2201,3224
17,test,13,19,1,0,0,0,7,1,4453,5588
17,test,13,20,1,0,0,0,8,1,2786,3688
17,test,13,21,0,1,1,0,-1,2,5788,6987
17,test,13,22,1,0,0,0,12,1,4674,5657
17,test,13,23,1,0,0,0,15,1,2221,3732
17,test,13,24,0,1,1,0,-1,2,3730,4769
17,test,13,25,0,1,1,0,-1,2,2746,3689
17,test,13,26,1,0,0,0,1,1,3456,4615
17,test,13,27,0,1,0,1,3,2,2185,3384
17,test,13,28,1,0,0,1,2,1,2349,3332
17,test,13,29,1,0,0,0,9,1,4269,5708
17,test,13,30,0,1,1,0,-3,2,2452,3419
17,test,13,31,0,1,1,0,-2,2,4413,5460
17,test,13,32,1,0,0,0,0,1,3490,4657
17,test,13,33,0,1,0,0,0,2,2440,3407
17,test,13,34,0,1,1,0,-1,2,2434,3217
17,test,13,35,1,0,0,0,4,1,3140,4059
17,test,13,36,1,0,0,1,1,1,2768,3775
17,test,16,1,0,1,0,0,2,2,2721,4000
17,test,16,2,0,1,0,0,0,2,2289,3232
17,test,16,3,1,0,0,1,5,1,2450,3825
17,test,16,4,0,1,1,0,-2,2,3287,5990
17,test,16,5,1,0,0,0,5,1,4420,5219
17,test,16,6,1,0,0,1,5,1,2599,3814
17,test,16,7,0,1,0,1,1,2,3389,4436
17,test,16,8,1,0,0,1,3,1,3746,5209
17,test,16,9,1,0,0,0,10,1,2055,3918
17,test,16,10,0,1,1,0,1,2,2713,3656
17,test,16,11,0,1,1,0,-1,2,2389,3388
17,test,16,12,1,0,0,0,9,1,2726,4125
17,test,16,13,0,1,0,1,3,2,2973,3828
17,test,16,14,1,0,0,0,4,2,6371,9570
17,test,16,15,0,1,0,1,5,2,3947,5314
17,test,16,16,1,0,0,0,-2,1,2336,3631
17,test,16,17,0,1,1,0,-1,2,3546,4545
17,test,16,18,1,0,0,0,6,1,4219,5242
17,test,16,19,1,0,0,0,6,1,5550,6613
17,test,16,20,0,1,0,1,4,2,4214,5205
17,test,16,21,0,1,1,0,0,2,2601,3576
17,test,16,22,1,0,0,0,11,1,4334,6085
17,test,16,23,0,1,0,1,-2,2,2905,3856
17,test,16,24,1,0,0,1,2,1,2128,3071
17,test,16,25,1,0,0,0,8,1,3225,4224
17,test,16,26,0,1,1,0,-7,2,2428,3379
17,test,16,27,0,1,1,0,-4,2,2301,3260
17,test,16,28,1,0,0,0,5,1,2500,3491
17,test,16,29,0,1,0,0,-3,2,2345,3152
17,test,16,30,1,0,0,1,3,1,2409,3512
17,test,16,31,0,1,1,0,0,2,3601,4584
17,test,16,32,1,0,0,0,-5,1,4557,5892
17,test,16,33,1,0,0,0,-4,1,2885,3804
17,test,16,34,0,1,1,0,-2,2,2436,3251
17,test,16,35,1,0,0,0,9,1,3883,5250
17,test,16,36,0,1,1,0,0,2,2316,3411
17,test,19,1,0,1,0,1,15,2,3291,4698
17,test,19,2,0,1,1,0,3,2,2187,3146
17,test,19,3,1,0,0,0,20,1,2212,3835
17,test,19,4,0,1,0,1,3,2,2759,3838
17,test,19,5,1,0,0,1,7,1,3392,4415
17,test,19,6,0,1,1,0,2,2,3883,4786
17,test,19,7,1,0,0,1,11,2,3363,4450
17,test,19,8,0,1,0,1,12,2,2275,3217
17,test,19,9,1,0,0,0,15,2,2715,4082
17,test,19,10,1,0,0,0,13,1,3104,4999
17,test,19,11,0,1,1,0,-1,2,3343,4382
17,test,19,12,1,0,0,1,2,1,2615,3638
17,test,19,13,0,1,1,0,-3,2,2826,3848
17,test,19,14,1,0,0,0,6,1,5678,7757
17,test,19,15,1,0,0,0,13,1,2351,3294
17,test,19,16,0,1,0,0,-2,2,3965,4884
17,test,19,17,0,1,0,1,1,2,2248,3231
17,test,19,18,1,0,0,0,10,1,4225,7376
17,test,19,19,1,0,0,1,3,2,3569,4304
17,test,19,20,0,1,1,0,-6,2,2029,2996
17,test,19,21,1,0,0,0,-1,1,4593,5976
17,test,19,22,0,1,1,0,0,2,2579,3354
17,test,19,23,0,1,0,0,-1,2,2606,3389
17,test,19,24,1,0,0,0,20,1,2594,3817
17,test,19,25,0,1,0,0,8,2,3285,4284
17,test,19,26,1,0,0,1,3,1,1786,3121
17,test,19,27,0,1,1,0,-1,2,2837,3612
17,test,19,28,0,1,1,0,-2,2,2021,2820
17,test,19,29,1,0,0,0,15,1,2585,3679
17,test,19,30,1,0,0,0,5,2,2577,3432
17,test,19,31,0,1,0,1,0,2,2946,3833
17,test,19,32,1,0,0,0,-4,1,2673,4032
17,test,19,33,0,1,1,0,-7,2,2159,3038
17,test,19,34,1,0,0,0,12,1,3354,4617
17,test,19,35,1,0,0,0,-3,1,2626,3585
17,test,19,36,0,1,1,0,-10,2,3982,5461
19,baseline,2,1,1,0,0,0,-34,2,5697,9704
19,baseline,2,2,1,0,0,0,-45,2,4697,5728
19,baseline,2,3,0,1,0,0,-48,1,3639,4806
19,baseline,2,4,0,1,0,0,-46,1,2392,3239
19,baseline,2,5,1,0,0,0,-46,2,3574,4501
19,baseline,2,6,0,1,0,0,-44,1,3778,4689
19,baseline,2,7,1,0,0,0,-43,2,2317,3236
19,baseline,2,8,1,0,0,0,-43,2,2389,3332
19,baseline,2,9,0,1,0,0,-43,1,2212,3635
19,baseline,2,10,0,1,0,0,-43,1,3036,3955
19,acq,4,1,0,1,1,0,-43,1,6057,8304
19,acq,4,2,0,1,1,0,-41,1,2889,3760
19,acq,4,3,1,0,0,0,-35,2,4201,5440
19,acq,4,4,0,1,1,0,-42,1,2310,3165
19,acq,4,5,1,0,0,0,-36,2,2064,2935
19,acq,4,6,1,0,0,0,-37,2,2856,3631
19,acq,4,7,0,1,1,0,-45,1,2151,3038
19,acq,4,8,1,0,0,0,-38,2,4619,5682
19,acq,7,1,1,0,0,0,10,2,8824,10871
19,acq,7,2,0,1,1,0,2,1,6333,7516
19,acq,7,3,0,1,1,0,0,1,4413,5428
19,acq,7,4,1,0,0,0,21,2,8766,10941
19,acq,7,5,1,0,0,0,29,2,3880,5406
19,acq,7,6,0,1,1,0,-3,1,3671,5414
19,acq,7,7,1,0,0,0,22,2,5592,6694
19,acq,7,8,0,1,1,0,-4,1,5451,6682
19,acq,10,1,1,0,0,0,10,2,3217,4752
19,acq,10,2,0,1,1,0,-3,1,3942,5325
19,acq,10,3,0,1,1,0,-9,1,5143,6262
19,acq,10,4,1,0,0,0,20,2,4850,6201
19,acq,10,5,0,1,1,0,-14,1,4351,5510
19,acq,10,6,1,0,0,0,16,2,7467,8642
19,acq,10,7,1,0,0,0,26,2,2250,4009
19,acq,10,8,0,1,1,0,-7,1,9284,10427
19,test,13,1,0,1,0,1,12,2,5641,7912
19,test,13,2,1,0,0,0,21,2,2235,3306
19,test,13,3,0,1,0,0,-46,1,3332,4571
19,test,13,4,1,0,0,1,17,2,4068,4939
19,test,13,5,1,0,0,0,24,2,2692,3691
19,test,13,6,0,1,1,0,NA,NA,NA,NA
19,test,13,7,0,1,0,1,12,2,3044,4731
19,test,13,8,1,0,0,1,2,2,5014,6765
19,test,13,9,1,0,0,0,18,2,3537,4504
19,test,13,10,0,1,0,0,-47,1,4644,5562
19,test,13,11,0,1,1,0,-31,1,4789,6684
19,test,13,12,1,0,0,0,18,2,2365,3428
19,test,13,13,0,1,0,1,14,2,3935,4934
19,test,13,14,0,1,0,0,-48,1,2919,3886
19,test,13,15,1,0,0,0,23,2,2800,5183
19,test,13,16,1,0,0,0,28,2,4160,5343
19,test,13,17,0,1,1,0,-18,1,3729,4808
19,test,13,18,0,1,1,0,-19,1,10810,12129
19,test,13,19,1,0,0,0,24,2,3588,4555
19,test,13,20,1,0,0,1,16,2,4117,5084
19,test,13,21,0,1,1,0,-40,1,6158,7133
19,test,13,22,0,1,1,0,-32,1,3304,4431
19,test,13,23,1,0,0,0,24,2,3880,4703
19,test,13,24,1,0,0,1,19,2,5606,6525
19,test,13,25,0,1,0,1,11,2,4623,6005
19,test,13,26,1,0,0,0,-47,2,5372,6155
19,test,13,27,1,0,0,0,-49,2,3119,4150
19,test,13,28,0,1,1,0,-23,1,7894,8837
19,test,13,29,1,0,0,1,13,2,3758,4477
19,test,13,30,1,0,0,0,-48,2,3494,4517
19,test,13,31,0,1,1,0,-20,1,9278,10308
19,test,13,32,0,1,0,1,2,NA,7766,NA
19,test,13,33,1,0,0,0,11,2,4499,5298
19,test,13,34,0,1,1,0,-14,1,5284,6403
19,test,13,35,0,1,1,0,-7,1,4886,5901
19,test,13,36,1,0,0,0,19,2,2923,3818
19,test,16,1,1,0,0,0,16,2,2681,3720
19,test,16,2,1,0,0,0,-48,2,2979,3762
19,test,16,3,0,1,0,1,17,1,5372,6227
19,test,16,4,1,0,0,1,12,2,1891,2666
19,test,16,5,0,1,0,1,15,2,12441,13200
19,test,16,6,1,0,0,1,10,2,2484,3219
19,test,16,7,0,1,1,0,-27,1,5061,5820
19,test,16,8,0,1,0,1,1,2,4868,6659
19,test,16,9,1,0,0,0,18,2,3316,4019
19,test,16,10,0,1,1,0,-19,1,4279,5046
19,test,16,11,0,1,0,0,-49,1,2721,3616
19,test,16,12,1,0,0,0,25,2,2242,3129
19,test,16,13,1,0,0,0,25,2,2776,3495
19,test,16,14,0,1,0,0,-49,1,2419,3186
19,test,16,15,0,1,1,0,-15,1,3438,4157
19,test,16,16,1,0,0,0,28,2,2695,3366
19,test,16,17,0,1,1,0,-2,2,6875,7610
19,test,16,18,1,0,0,1,12,2,3267,3962
19,test,16,19,1,0,0,0,21,2,3021,4460
19,test,16,20,0,1,1,0,-38,1,3222,4796
19,test,16,21,0,1,1,0,-18,1,4000,5607
19,test,16,22,1,0,0,0,16,2,2439,3358
19,test,16,23,1,0,0,0,17,2,2291,2938
19,test,16,24,0,1,0,1,5,2,4434,5616
19,test,16,25,0,1,1,0,-42,1,3071,3830
19,test,16,26,1,0,0,1,6,2,2568,3255
19,test,16,27,0,1,1,0,-35,1,2082,2809
19,test,16,28,1,0,0,1,19,2,2794,3473
19,test,16,29,1,0,0,0,24,2,2868,3995
19,test,16,30,0,1,0,0,-48,1,3185,3952
19,test,16,31,1,0,0,0,-48,2,3134,3941
19,test,16,32,0,1,1,0,-8,1,6575,7678
19,test,16,33,1,0,0,0,16,2,3135,3846
19,test,16,34,0,1,1,0,-8,1,3243,3930
19,test,16,35,1,0,0,0,-49,2,2512,3311
19,test,16,36,0,1,0,1,8,2,4675,5338
19,test,19,1,0,1,0,0,-48,1,3272,4063
19,test,19,2,1,0,0,0,22,2,2852,3611
19,test,19,3,0,1,0,1,10,2,3343,4142
19,test,19,4,1,0,0,1,18,2,2092,2835
19,test,19,5,1,0,0,0,25,2,2298,3233
19,test,19,6,0,1,1,0,-33,1,4213,5156
19,test,19,7,0,1,1,0,-44,1,4230,4973
19,test,19,8,1,0,0,0,14,2,1607,2286
19,test,19,9,0,1,1,0,-4,2,8029,10220
19,test,19,10,0,1,0,1,11,2,3469,4228
19,test,19,11,1,0,0,0,25,2,2028,2779
19,test,19,12,0,1,1,0,-34,1,2365,3132
19,test,19,13,1,0,0,0,15,2,3707,4482
19,test,19,14,0,1,0,1,4,2,6164,7123
19,test,19,15,1,0,0,1,12,2,1917,2660
19,test,19,16,1,0,0,0,22,2,2166,2837
19,test,19,17,0,1,1,0,-40,1,3590,4405
19,test,19,18,1,0,0,0,-48,2,2418,3121
19,test,19,19,0,1,1,0,-39,1,2437,3164
19,test,19,20,1,0,0,0,20,2,3649,4376
19,test,19,21,1,0,0,1,13,2,1808,2455
19,test,19,22,0,1,0,0,-46,1,2047,2782
19,test,19,23,0,1,0,1,3,2,2579,3274
19,test,19,24,1,0,0,1,7,2,2488,3182
19,test,19,25,1,0,0,1,7,2,4820,5523
19,test,19,26,0,1,0,0,-47,1,2072,2791
19,test,19,27,1,0,0,0,7,2,2071,2742
19,test,19,28,0,1,1,0,2,2,5559,6262
19,test,19,29,0,1,1,0,-8,1,9742,10965
19,test,19,30,1,0,0,0,13,2,4202,4993
19,test,19,31,1,0,0,0,20,2,2023,2982
19,test,19,32,0,1,1,0,-24,1,3706,4465
19,test,19,33,1,0,0,0,-49,2,2097,3024
19,test,19,34,1,0,0,0,-43,2,4340,5139
19,test,19,35,0,1,0,1,8,2,2654,3541
19,test,19,36,0,1,1,0,-34,1,2834,3721
21,baseline,2,1,0,1,0,0,-47,2,3082,4521
21,baseline,2,2,0,1,0,0,-36,2,2378,5161
21,baseline,2,3,1,0,0,0,-13,1,2466,3745
21,baseline,2,4,0,1,0,0,-32,2,2007,3038
21,baseline,2,5,1,0,0,0,-21,1,2177,3112
21,baseline,2,6,1,0,0,0,-1,1,3263,4230
21,baseline,2,7,0,1,0,0,-1,2,2840,3751
21,baseline,2,8,1,0,0,0,-1,1,2185,3311
21,baseline,2,9,0,1,0,0,-18,2,1963,2874
21,baseline,2,10,1,0,0,0,-1,1,1960,3054
21,acq,4,1,1,0,0,0,5,1,2689,4000
21,acq,4,2,1,0,0,0,10,1,2237,3484
21,acq,4,3,0,1,1,0,-38,2,2849,3872
21,acq,4,4,0,1,1,0,-34,2,2130,2937
21,acq,4,5,1,0,0,0,14,1,2432,3927
21,acq,4,6,1,0,0,0,21,1,2154,4321
21,acq,4,7,0,1,1,0,-30,2,1928,2983
21,acq,4,8,0,1,1,0,-40,2,2445,3284
21,acq,7,1,1,0,0,0,12,1,3568,4759
21,acq,7,2,0,1,1,0,-35,2,3044,4131
21,acq,7,3,0,1,1,0,-38,2,2759,3598
21,acq,7,4,1,0,0,0,9,1,2257,3576
21,acq,7,5,0,1,1,0,-31,2,2163,3314
21,acq,7,6,1,0,0,0,5,1,2610,3601
21,acq,7,7,1,0,0,0,4,1,2672,3695
21,acq,7,8,0,1,1,0,-45,2,2285,3180
21,acq,10,1,0,1,1,0,-48,2,2201,3368
21,acq,10,2,0,1,1,0,-24,2,2739,3746
21,acq,10,3,1,0,0,0,9,1,2668,3899
21,acq,10,4,0,1,1,0,-11,2,2139,3266
21,acq,10,5,1,0,0,0,9,1,2246,3485
21,acq,10,6,1,0,0,0,8,1,2154,3217
21,acq,10,7,0,1,1,0,-37,2,2573,3860
21,acq,10,8,1,0,0,0,5,1,1635,2626
21,test,13,1,1,0,0,1,1,1,2969,3952
21,test,13,2,1,0,0,0,7,1,2036,3003
21,test,13,3,0,1,0,0,-31,2,2400,3935
21,test,13,4,0,1,0,1,-40,2,2921,4408
21,test,13,5,1,0,0,0,4,1,2181,3228
21,test,13,6,0,1,0,1,-30,2,2261,3164
21,test,13,7,0,1,1,0,-11,2,2159,3310
21,test,13,8,1,0,0,1,0,1,2062,3141
21,test,13,9,1,0,0,0,2,1,2603,3538
21,test,13,10,0,1,1,0,-13,2,2834,3657
21,test,13,11,0,1,1,0,-13,2,2303,3326
21,test,13,12,1,0,0,0,12,1,2238,3357
21,test,13,13,1,0,0,0,12,1,2210,3193
21,test,13,14,0,1,1,0,-10,2,2248,3047
21,test,13,15,0,1,1,0,-13,2,1905,2776
21,test,13,16,1,0,0,0,1,1,2064,3158
21,test,13,17,1,0,0,0,1,1,2049,2920
21,test,13,18,0,1,1,0,-4,2,2411,3426
21,test,13,19,0,1,1,0,-20,2,2177,3240
21,test,13,20,1,0,0,0,6,1,2153,3560
21,test,13,21,0,1,1,0,-21,2,2138,2977
21,test,13,22,1,0,0,0,14,1,2273,3224
21,test,13,23,0,1,0,1,-16,2,2273,3160
21,test,13,24,1,0,0,1,4,1,2382,3317
21,test,13,25,1,0,0,1,1,1,2277,3396
21,test,13,26,0,1,0,0,-29,2,3671,4510
21,test,13,27,1,0,0,0,2,1,2091,3186
21,test,13,28,0,1,1,0,0,2,2628,3827
21,test,13,29,0,1,0,1,-7,2,1786,2569
21,test,13,30,1,0,0,0,-4,1,2823,4630
21,test,13,31,0,1,0,0,-11,2,2061,2940
21,test,13,32,0,1,1,0,-8,2,2423,3374
21,test,13,33,1,0,0,1,-1,1,2369,3736
21,test,13,34,1,0,0,0,-1,1,2414,3389
21,test,13,35,0,1,0,1,-17,2,2264,3063
21,test,13,36,1,0,0,0,-10,1,2308,4283
21,test,16,1,1,0,0,1,0,1,2680,4295
21,test,16,2,0,1,0,1,-20,2,2140,3043
21,test,16,3,0,1,1,0,-29,2,1741,2524
21,test,16,4,1,0,0,0,0,1,2039,2966
21,test,16,5,0,1,0,0,-30,2,2289,3176
21,test,16,6,1,0,0,1,-1,1,2266,3377
21,test,16,7,0,1,1,0,-31,2,1875,2658
21,test,16,8,0,1,0,1,-25,2,2670,3669
21,test,16,9,1,0,0,1,0,1,2794,3793
21,test,16,10,1,0,0,0,-2,1,2183,3350
21,test,16,11,0,1,0,0,-5,2,3217,4144
21,test,16,12,0,1,1,0,-6,2,2668,4195
21,test,16,13,1,0,0,0,1,1,3311,4294
21,test,16,14,0,1,1,0,-12,2,2486,3333
21,test,16,15,1,0,0,0,-2,1,2048,2927
21,test,16,16,0,1,0,1,-16,2,2320,3150
21,test,16,17,0,1,0,1,-10,2,2419,3306
21,test,16,18,1,0,0,0,-3,1,2076,3371
21,test,16,19,0,1,1,0,-12,2,2727,4030
21,test,16,20,1,0,0,0,-2,1,2127,3270
21,test,16,21,1,0,0,0,-7,1,1886,3069
21,test,16,22,0,1,0,1,-15,2,1890,2657
21,test,16,23,1,0,0,1,-4,1,1610,2713
21,test,16,24,1,0,0,0,1,1,2536,3655
21,test,16,25,0,1,1,0,-15,2,2480,3367
21,test,16,26,1,0,0,1,-3,1,1871,2998
21,test,16,27,0,1,1,0,-7,2,1844,2875
21,test,16,28,0,1,1,0,-12,2,2481,3336
21,test,16,29,1,0,0,0,-1,1,2105,2960
21,test,16,30,0,1,0,0,0,1,2991,3862
21,test,16,31,1,0,0,0,-1,1,1885,2692
21,test,16,32,1,0,0,0,-2,1,3042,4313
21,test,16,33,0,1,1,0,-4,2,2207,2942
21,test,16,34,1,0,0,0,-1,1,1765,2556
21,test,16,35,0,1,1,0,-15,2,2492,3251
21,test,16,36,1,0,0,0,-2,1,1957,2988
21,test,19,1,0,1,1,0,-38,2,2201,3248
21,test,19,2,1,0,0,0,-24,2,1865,2608
21,test,19,3,0,1,1,0,-18,2,2254,3453
21,test,19,4,1,0,0,0,0,1,2351,3238
21,test,19,5,1,0,0,0,-4,1,2269,3092
21,test,19,6,0,1,0,1,-6,2,1878,2693
21,test,19,7,1,0,0,0,-2,1,1673,2512
21,test,19,8,0,1,1,0,-6,2,1837,2612
21,test,19,9,1,0,0,0,-6,1,1877,2988
21,test,19,10,0,1,1,0,-9,2,1996,2771
21,test,19,11,0,1,1,0,-10,2,2142,2885
21,test,19,12,1,0,0,0,-2,1,2200,2999
21,test,19,13,0,1,0,1,-10,2,2206,3261
21,test,19,14,0,1,1,0,-17,2,2091,2850
21,test,19,15,1,0,0,1,1,1,2239,3342
21,test,19,16,1,0,0,1,-2,1,1607,2398
21,test,19,17,0,1,0,0,-17,2,2914,3785
21,test,19,18,0,1,1,0,-13,2,1633,2424
21,test,19,19,1,0,0,1,-7,1,2040,3119
21,test,19,20,1,0,0,0,-5,1,2032,3039
21,test,19,21,0,1,1,0,-27,2,1693,2484
21,test,19,22,1,0,0,0,0,1,1824,2855
21,test,19,23,1,0,0,1,-5,1,2032,2951
21,test,19,24,0,1,0,0,-4,2,2061,2876
21,test,19,25,1,0,0,0,-5,1,2193,3552
21,test,19,26,1,0,0,0,-9,1,2625,4767
21,test,19,27,0,1,1,0,-18,2,3180,4043
21,test,19,28,0,1,0,0,-20,2,2249,3152
21,test,19,29,1,0,0,1,-6,1,1877,2708
21,test,19,30,1,0,0,0,-7,1,2152,2935
21,test,19,31,0,1,0,1,-8,1,2471,3230
21,test,19,32,1,0,0,0,-16,1,2389,3172
21,test,19,33,0,1,0,1,-11,2,2487,3238
21,test,19,34,1,0,0,0,-3,1,2168,3151
21,test,19,35,0,1,0,1,-6,2,1883,2642
21,test,19,36,0,1,1,0,-6,1,2717,4188
22,baseline,2,1,1,0,0,0,-50,2,7900,10619
22,baseline,2,2,1,0,0,0,-49,2,3682,4809
22,baseline,2,3,0,1,0,0,-49,1,2863,4262
22,baseline,2,4,0,1,0,0,-49,1,2804,4387
22,baseline,2,5,1,0,0,0,-50,2,2610,4273
22,baseline,2,6,0,1,0,0,-50,1,2787,4170
22,baseline,2,7,0,1,0,0,-49,1,2601,3704
22,baseline,2,8,1,0,0,0,-49,2,2591,3662
22,baseline,2,9,0,1,0,0,-48,1,3452,4835
22,baseline,2,10,1,0,0,0,-48,2,2573,3540
22,acq,4,1,1,0,0,0,-26,1,5777,10176
22,acq,4,2,0,1,1,0,-38,1,4067,5474
22,acq,4,3,1,0,0,0,-5,2,3594,4649
22,acq,4,4,1,0,0,0,-21,1,5402,7041
22,acq,4,5,0,1,1,0,-31,1,2713,5608
22,acq,4,6,0,1,1,0,-27,1,3131,4594
22,acq,4,7,1,0,0,0,-7,2,3610,5169
22,acq,4,8,0,1,1,0,-28,1,2690,3745
22,acq,7,1,0,1,1,0,-6,1,2457,3928
22,acq,7,2,1,0,0,0,14,2,3361,4608
22,acq,7,3,0,1,1,0,-3,2,5083,6138
22,acq,7,4,0,1,1,0,-7,2,3166,5773
22,acq,7,5,1,0,0,0,17,2,2478,3573
22,acq,7,6,1,0,0,0,12,2,4130,5545
22,acq,7,7,0,1,1,0,-4,1,2377,3728
22,acq,7,8,1,0,0,0,4,1,3040,5447
22,acq,10,1,1,0,0,0,18,1,3241,4488
22,acq,10,2,0,1,1,0,-3,1,4908,5963
22,acq,10,3,1,0,0,0,29,1,2617,4104
22,acq,10,4,0,1,1,0,-4,2,3074,4225
22,acq,10,5,0,1,1,0,-2,1,3069,5460
22,acq,10,6,1,0,0,0,22,2,2268,3459
22,acq,10,7,1,0,0,0,1,2,2217,3104
22,acq,10,8,0,1,1,0,-25,1,2148,3963
22,test,13,1,1,0,0,1,19,2,2969,3800
22,test,13,2,1,0,0,1,23,2,3237,4124
22,test,13,3,0,1,0,1,27,2,3104,4126
22,test,13,4,1,0,0,1,25,2,2286,3557
22,test,13,5,0,1,0,1,19,2,2575,3678
22,test,13,6,1,0,0,0,26,2,2625,3560
22,test,13,7,1,0,0,1,18,2,2325,3836
22,test,13,8,0,1,0,0,-19,1,2355,3642
22,test,13,9,0,1,1,0,-2,1,2598,3949
22,test,13,10,1,0,0,0,-38,1,3669,7076
22,test,13,11,0,1,1,0,-1,1,3345,5368
22,test,13,12,0,1,1,0,2,1,2392,3367
22,test,13,13,1,0,0,0,-46,2,3652,4739
22,test,13,14,0,1,0,0,-41,1,2727,3886
22,test,13,15,0,1,0,1,2,2,3564,5691
22,test,13,16,1,0,0,0,17,1,2924,4987
22,test,13,17,1,0,0,0,-47,2,2797,3716
22,test,13,18,0,1,0,1,19,2,2369,5192
22,test,13,19,1,0,0,0,31,2,2818,5169
22,test,13,20,0,1,1,0,1,1,3439,6629
22,test,13,21,1,0,0,0,7,2,2472,4023
22,test,13,22,0,1,1,0,1,1,3746,5097
22,test,13,23,1,0,0,0,15,2,2253,3668
22,test,13,24,0,1,1,0,-3,2,5549,7396
22,test,13,25,0,1,1,0,-3,2,4161,4984
22,test,13,26,1,0,0,0,24,2,4068,4955
22,test,13,27,0,1,1,0,-2,1,3850,4969
22,test,13,28,0,1,0,1,6,1,2023,3054
22,test,13,29,1,0,0,0,17,2,2509,4100
22,test,13,30,1,0,0,0,19,2,2716,3499
22,test,13,31,0,1,1,0,-2,1,2696,4103
22,test,13,32,1,0,0,0,26,2,2485,3476
22,test,13,33,1,0,0,0,5,1,2738,4177
22,test,13,34,0,1,1,0,-2,1,2675,3554
22,test,13,35,0,1,0,0,-34,1,3497,4400
22,test,13,36,1,0,0,1,2,2,3177,4792
22,test,16,1,0,1,0,0,-36,1,2368,3255
22,test,16,2,0,1,1,0,-16,1,3439,5174
22,test,16,3,1,0,0,1,3,2,3970,5185
22,test,16,4,1,0,0,0,27,2,2218,3337
22,test,16,5,0,1,0,0,-40,1,2512,3871
22,test,16,6,1,0,0,0,9,2,4052,5003
22,test,16,7,1,0,0,1,1,2,3282,4217
22,test,16,8,0,1,0,1,8,2,2154,2977
22,test,16,9,1,0,0,0,9,2,2090,3673
22,test,16,10,1,0,0,0,2,2,2396,3411
22,test,16,11,0,1,1,0,-14,1,2143,3822
22,test,16,12,1,0,0,0,9,2,2739,4258
22,test,16,13,0,1,1,0,-6,1,2701,3676
22,test,16,14,0,1,0,1,2,1,3042,5033
22,test,16,15,1,0,0,0,22,2,2369,3184
22,test,16,16,1,0,0,0,-38,2,2026,3697
22,test,16,17,0,1,1,0,-5,1,2363,3746
22,test,16,18,1,0,0,1,6,1,2211,4434
22,test,16,19,0,1,1,0,-6,1,1996,3107
22,test,16,20,0,1,1,0,-12,1,1850,3449
22,test,16,21,1,0,0,0,24,2,1802,2665
22,test,16,22,1,0,0,0,16,2,2059,2930
22,test,16,23,0,1,0,1,2,2,3421,4212
22,test,16,24,1,0,0,0,11,2,2152,3951
22,test,16,25,1,0,0,1,15,2,2732,3627
22,test,16,26,0,1,1,0,-12,2,2546,3633
22,test,16,27,0,1,0,1,3,1,2402,3569
22,test,16,28,1,0,0,0,22,1,2233,3688
22,test,16,29,0,1,1,0,-7,2,3841,5032
22,test,16,30,0,1,1,0,-10,2,3481,4280
22,test,16,31,1,0,0,1,-2,1,3621,4684
22,test,16,32,0,1,0,0,-34,1,2147,3082
22,test,16,33,1,0,0,0,-35,2,2869,3972
22,test,16,34,0,1,0,1,-3,1,2547,3618
22,test,16,35,0,1,1,0,-13,1,3507,4362
22,test,16,36,1,0,0,0,-34,2,3153,3968
22,test,19,1,0,1,1,0,-38,1,3936,4967
22,test,19,2,1,0,0,0,-44,2,2608,3415
22,test,19,3,0,1,0,1,-5,2,3512,4735
22,test,19,4,1,0,0,0,19,2,2029,3108
22,test,19,5,0,1,0,1,16,1,2922,3857
22,test,19,6,0,1,0,0,-43,1,2629,4036
22,test,19,7,1,0,0,0,35,1,2986,5721
22,test,19,8,0,1,1,0,-15,2,2056,4031
22,test,19,9,0,1,1,0,-8,1,2149,3668
22,test,19,10,1,0,0,1,17,2,2166,4765
22,test,19,11,0,1,1,0,-28,1,2235,3946
22,test,19,12,1,0,0,0,29,2,2440,3831
22,test,19,13,1,0,0,0,22,2,2949,3788
22,test,19,14,0,1,1,0,-13,1,2788,3587
22,test,19,15,1,0,0,0,16,2,1792,2567
22,test,19,16,0,1,1,0,-8,2,2134,4221
22,test,19,17,0,1,0,1,11,2,2130,3009
22,test,19,18,1,0,0,0,28,2,1891,2730
22,test,19,19,0,1,0,1,3,1,1828,3283
22,test,19,20,1,0,0,0,23,2,2514,3897
22,test,19,21,0,1,1,0,-31,1,1878,2909
22,test,19,22,0,1,1,0,-26,1,4169,5032
22,test,19,23,1,0,0,0,24,1,1874,4545
22,test,19,24,0,1,0,0,-36,1,2515,3530
22,test,19,25,1,0,0,1,-6,1,2822,4637
22,test,19,26,1,0,0,1,-3,2,2537,4224
22,test,19,27,0,1,1,0,-12,1,2398,3261
22,test,19,28,1,0,0,1,7,1,2038,3733
22,test,19,29,0,1,1,0,-9,1,2341,3228
22,test,19,30,1,0,0,0,23,1,2382,4077
22,test,19,31,1,0,0,1,9,1,3385,4184
22,test,19,32,0,1,0,0,-45,1,2040,3135
22,test,19,33,1,0,0,0,-43,2,2098,3537
22,test,19,34,0,1,0,1,25,2,2059,3698
22,test,19,35,1,0,0,0,30,1,1846,3765
22,test,19,36,1,0,0,0,-43,2,2171,3202
23,baseline,2,1,0,1,0,0,-3,1,2322,4241
23,baseline,2,2,1,0,0,0,3,2,1922,3137
23,baseline,2,3,1,0,0,0,2,2,2101,3596
23,baseline,2,4,0,1,0,0,5,1,2393,3464
23,baseline,2,5,1,0,0,0,3,2,2388,3227
23,baseline,2,6,1,0,0,0,2,1,2779,6978
23,baseline,2,7,0,1,0,0,5,1,2135,3030
23,baseline,2,8,0,1,0,0,5,1,3287,4302
23,baseline,2,9,1,0,0,0,7,2,1879,2638
23,baseline,2,10,0,1,0,0,4,1,2437,3428
23,acq,4,1,0,1,1,0,8,1,2867,3890
23,acq,4,2,1,0,0,0,14,2,3951,5190
23,acq,4,3,0,1,1,0,3,1,2614,4309
23,acq,4,4,1,0,0,0,8,2,2399,3430
23,acq,4,5,1,0,0,0,6,2,2461,3243
23,acq,4,6,0,1,1,0,4,1,2942,4045
23,acq,4,7,0,1,1,0,5,1,2448,3423
23,acq,4,8,1,0,0,0,11,2,2360,3207
23,acq,7,1,1,0,0,0,5,2,4577,6312
23,acq,7,2,0,1,1,0,10,1,2871,4237
23,acq,7,3,0,1,1,0,9,1,3145,4224
23,acq,7,4,1,0,0,0,5,2,2740,3755
23,acq,7,5,0,1,1,0,5,1,3690,4761
23,acq,7,6,1,0,0,0,4,2,2979,3826
23,acq,7,7,0,1,1,0,9,1,2137,3128
23,acq,7,8,1,0,0,0,3,2,3031,3862
23,acq,10,1,0,1,1,0,4,1,3409,5120
23,acq,10,2,1,0,0,0,0,2,3590,4581
23,acq,10,3,0,1,1,0,5,1,3164,4155
23,acq,10,4,1,0,0,0,4,2,3373,4212
23,acq,10,5,1,0,0,0,4,2,3057,3840
23,acq,10,6,0,1,1,0,8,1,1917,2956
23,acq,10,7,0,1,1,0,5,1,3758,4597
23,acq,10,8,1,0,0,0,7,2,3059,4154
23,test,13,1,0,1,0,1,NA,NA,NA,NA
23,test,16,1,1,0,0,0,NA,NA,NA,NA
23,test,19,1,1,0,0,0,NA,NA,NA,NA
24,baseline,2,1,0,1,0,0,-18,1,3695,5790
24,baseline,2,2,0,1,0,0,-29,1,4566,6197
24,baseline,2,3,1,0,0,0,-31,2,3371,4770
24,baseline,2,4,1,0,0,0,-30,2,2738,3937
24,baseline,2,5,0,1,0,0,-24,1,3132,4491
24,baseline,2,6,1,0,0,0,-18,2,3747,4674
24,baseline,2,7,1,0,0,0,-19,2,2802,3785
24,baseline,2,8,0,1,0,0,-18,1,2702,4045
24,baseline,2,9,1,0,0,0,-23,2,3177,4480
24,baseline,2,10,0,1,0,0,-18,1,2094,3533
24,acq,4,1,1,0,0,0,-7,2,3041,4176
24,acq,4,2,0,1,1,0,-11,1,2266,3857
24,acq,4,3,0,1,1,0,-11,1,2825,5272
24,acq,4,4,1,0,0,0,-4,1,2997,4348
24,acq,4,5,1,0,0,0,-6,2,2856,3903
24,acq,4,6,0,1,1,0,-17,1,2339,4138
24,acq,4,7,0,1,1,0,-35,1,1963,3162
24,acq,4,8,1,0,0,0,-20,2,3371,4282
24,acq,7,1,0,1,1,0,-37,1,4225,5384
24,acq,7,2,1,0,0,0,-2,2,4932,6187
24,acq,7,3,1,0,0,0,4,2,3807,4814
24,acq,7,4,0,1,1,0,-7,1,2559,3846
24,acq,7,5,1,0,0,0,9,2,3331,4594
24,acq,7,6,0,1,1,0,-3,1,2397,3468
24,acq,7,7,0,1,1,0,-10,1,2440,3487
24,acq,7,8,1,0,0,0,0,2,3696,5087
24,acq,10,1,1,0,0,0,2,2,4217,5616
24,acq,10,2,1,0,0,0,18,2,3987,6210
24,acq,10,3,0,1,1,0,-23,1,2419,4290
24,acq,10,4,0,1,1,0,-32,1,4197,5332
24,acq,10,5,1,0,0,0,19,2,3075,4090
24,acq,10,6,0,1,1,0,-11,1,3785,6144
24,acq,10,7,0,1,1,0,-11,1,2923,3874
24,acq,10,8,1,0,0,0,3,2,3988,5299
24,test,13,1,1,0,0,0,0,2,4945,6480
24,test,13,2,1,0,0,0,9,2,2524,4738
24,test,13,3,0,1,1,0,-12,1,2366,3613
24,test,13,4,0,1,0,0,-9,1,2152,3239
24,test,13,5,1,0,0,0,-34,2,4656,6335
24,test,13,6,0,1,1,0,-3,1,2393,3296
24,test,13,7,0,1,1,0,0,1,2438,3669
24,test,13,8,1,0,0,0,-40,2,2993,4376
24,test,13,9,0,1,1,0,1,1,2406,3765
24,test,13,10,0,1,0,1,2,1,3460,4715
24,test,13,11,1,0,0,0,13,1,2593,3623
24,test,13,12,1,0,0,0,19,1,3804,5187
24,test,13,13,0,1,1,0,-8,1,3817,5232
24,test,13,14,0,1,0,1,1,1,3196,4651
24,test,13,15,1,0,0,0,16,1,3265,5576
24,test,13,16,0,1,1,0,-8,1,2653,3596
24,test,13,17,1,0,0,0,3,2,2872,3878
24,test,13,18,1,0,0,0,11,2,2840,3959
24,test,13,19,0,1,0,1,8,1,2070,3109
24,test,13,20,1,0,0,0,21,2,2206,3509
24,test,13,21,0,1,0,1,1,2,2712,3855
24,test,13,22,0,1,1,0,-4,1,2834,3921
24,test,13,23,1,0,0,1,0,2,3791,5014
24,test,13,24,1,0,0,1,5,1,3048,5055
24,test,13,25,0,1,0,1,6,1,2212,3475
24,test,13,26,1,0,0,0,26,1,2542,4261
24,test,13,27,1,0,0,0,21,2,2612,3587
24,test,13,28,0,1,1,0,-23,1,2718,4709
24,test,13,29,1,0,0,1,11,2,3253,4140
24,test,13,30,1,0,0,1,3,2,2888,3959
24,test,13,31,0,1,0,0,-40,1,3149,4228
24,test,13,32,1,0,0,1,3,2,4323,5162
24,test,13,33,0,1,1,0,-9,1,3318,4765
24,test,13,34,0,1,0,0,-40,1,2675,4226
24,test,13,35,1,0,0,0,-35,2,2362,3457
24,test,13,36,0,1,1,0,-15,1,2521,3384
24,test,16,1,0,1,1,0,-6,1,4017,5288
24,test,16,2,1,0,0,1,9,2,3354,4689
24,test,16,3,0,1,1,0,-3,1,2795,5194
24,test,16,4,1,0,0,1,13,2,3483,4386
24,test,16,5,0,1,0,1,2,2,2751,3838
24,test,16,6,0,1,0,0,-37,1,1969,2911
24,test,16,7,1,0,0,0,19,1,2938,4025
24,test,16,8,0,1,1,0,-17,1,2086,3389
24,test,16,9,0,1,0,0,-46,1,2529,3656
24,test,16,10,1,0,0,0,28,2,2985,4176
24,test,16,11,1,0,0,0,27,2,2723,3882
24,test,16,12,0,1,0,1,-33,2,2370,5473
24,test,16,13,1,0,0,1,1,2,2245,3324
24,test,16,14,1,0,0,0,5,2,3690,6713
24,test,16,15,0,1,1,0,-13,1,3394,4393
24,test,16,16,0,1,1,0,-23,1,2752,4175
24,test,16,17,1,0,0,1,2,2,2720,3807
24,test,16,18,1,0,0,0,25,2,2862,4285
24,test,16,19,0,1,1,0,-4,1,2013,2964
24,test,16,20,0,1,1,0,-4,1,3082,4265
24,test,16,21,1,0,0,0,21,2,1750,2925
24,test,16,22,1,0,0,1,7,2,4211,5826
24,test,16,23,0,1,0,0,-33,1,2006,3085
24,test,16,24,1,0,0,0,26,2,1815,3510
24,test,16,25,1,0,0,0,-17,2,2418,3929
24,test,16,26,0,1,0,1,4,1,2580,3899
24,test,16,27,1,0,0,0,-42,2,3002,4361
24,test,16,28,0,1,0,1,6,1,2072,3711
24,test,16,29,1,0,0,0,12,2,2453,3636
24,test,16,30,0,1,1,0,-4,1,2043,2858
24,test,16,31,0,1,1,0,-13,1,2397,3924
24,test,16,32,1,0,0,0,7,2,3536,4855
24,test,16,33,1,0,0,0,-42,2,2249,3216
24,test,16,34,0,1,1,0,0,1,3636,4683
24,test,16,35,1,0,0,0,12,1,6041,7088
24,test,16,36,0,1,0,1,4,1,4055,5182
24,test,19,1,0,1,0,1,3,2,5664,6879
24,test,19,2,1,0,0,0,26,2,2543,3422
24,test,19,3,0,1,1,0,-2,1,2259,3234
24,test,19,4,0,1,1,0,-2,1,3363,4265
24,test,19,5,1,0,0,0,15,2,2406,3677
24,test,19,6,1,0,0,1,8,2,4011,5634
24,test,19,7,0,1,1,0,-2,1,2261,3276
24,test,19,8,0,1,1,0,-5,1,5262,6181
24,test,19,9,1,0,0,0,21,2,3151,4294
24,test,19,10,1,0,0,0,26,2,3668,4779
24,test,19,11,0,1,1,0,0,1,2875,3706
24,test,19,12,1,0,0,1,3,2,2634,5441
24,test,19,13,0,1,0,1,2,2,2770,4953
24,test,19,14,1,0,0,1,4,2,2323,3586
24,test,19,15,0,1,0,0,-33,1,1936,2959
24,test,19,16,0,1,0,0,-38,1,5482,6761
24,test,19,17,1,0,0,0,-38,1,2858,4937
24,test,19,18,1,0,0,0,11,2,2364,3243
24,test,19,19,0,1,0,1,28,1,3236,5803
24,test,19,20,0,1,1,0,-9,1,2285,3332
24,test,19,21,1,0,0,1,5,2,3454,4309
24,test,19,22,0,1,0,1,4,2,2318,3085
24,test,19,23,0,1,1,0,-15,1,2113,3024
24,test,19,24,1,0,0,0,-36,2,2170,3169
24,test,19,25,0,1,0,0,-45,1,2647,3646
24,test,19,26,0,1,1,0,-4,1,4137,5112
24,test,19,27,1,0,0,0,25,1,2423,3606
24,test,19,28,1,0,0,0,25,1,3606,7125
24,test,19,29,0,1,1,0,-5,1,3187,4322
24,test,19,30,1,0,0,0,19,1,4026,5418
24,test,19,31,1,0,0,0,-30,2,3002,4041
24,test,19,32,0,1,0,1,3,1,2149,3732
24,test,19,33,0,1,1,0,-3,1,2452,3539
24,test,19,34,1,0,0,0,22,2,2119,3086
24,test,19,35,1,0,0,1,2,2,2124,3259
24,test,19,36,1,0,0,0,16,2,2196,3163
25,baseline,2,1,1,0,0,0,-39,1,3907,6018
25,baseline,2,2,0,1,0,0,-39,2,3611,5274
25,baseline,2,3,0,1,0,0,-42,2,3136,4527
25,baseline,2,4,1,0,0,0,-40,1,2827,3962
25,baseline,2,5,0,1,0,0,-45,2,3245,4564
25,baseline,2,6,0,1,0,0,-44,2,2479,3710
25,baseline,2,7,1,0,0,0,-42,1,3513,5000
25,baseline,2,8,1,0,0,0,-39,1,2599,4022
25,baseline,2,9,0,1,0,0,-40,2,4539,5858
25,baseline,2,10,1,0,0,0,-42,1,3894,4925
25,acq,4,1,0,1,1,0,0,NA,9529,NA
25,acq,4,2,1,0,0,0,9,1,5260,7595
25,acq,4,3,1,0,0,0,7,1,4838,6093
25,acq,4,4,0,1,1,0,-11,2,3872,5559
25,acq,4,5,1,0,0,0,0,1,2685,3755
25,acq,4,6,1,0,0,0,0,1,2793,4232
25,acq,4,7,0,1,1,0,-1,2,4535,5558
25,acq,4,8,0,1,1,0,-4,2,2322,4473
25,acq,7,1,0,1,1,0,-5,2,4672,6599
25,acq,7,2,0,1,1,0,-3,2,4570,6057
25,acq,7,3,1,0,0,0,9,1,2576,3727
25,acq,7,4,1,0,0,0,4,1,3133,4404
25,acq,7,5,0,1,1,0,-6,2,3000,4055
25,acq,7,6,1,0,0,0,2,1,3837,5244
25,acq,7,7,0,1,1,0,2,2,3974,5245
25,acq,7,8,1,0,0,0,6,1,2911,3990
25,acq,10,1,1,0,0,0,2,1,3807,5702
25,acq,10,2,0,1,1,0,-6,2,3324,4635
25,acq,10,3,1,0,0,0,3,1,2500,3818
25,acq,10,4,0,1,1,0,0,2,3031,4238
25,acq,10,5,0,1,1,0,-2,2,2248,3895
25,acq,10,6,1,0,0,0,3,1,2164,3235
25,acq,10,7,0,1,1,0,1,2,1871,3070
25,acq,10,8,1,0,0,0,3,1,2347,3482
25,test,13,1,0,1,0,0,-26,2,2817,4208
25,test,13,2,0,1,1,0,-6,1,2908,4499
25,test,13,3,1,0,0,0,-10,1,2469,3692
25,test,13,4,0,1,1,0,0,2,2471,3478
25,test,13,5,0,1,0,0,-4,2,2208,3175
25,test,13,6,1,0,0,0,7,1,1976,2887
25,test,13,7,0,1,1,0,0,2,1825,3375
25,test,13,8,0,1,1,0,0,1,2732,3979
25,test,13,9,1,0,0,0,-4,1,2012,2875
25,test,13,10,0,1,1,0,-3,1,2587,4010
25,test,13,11,1,0,0,1,9,1,2250,3225
25,test,13,12,1,0,0,0,16,1,1890,2945
25,test,13,13,0,1,1,0,-3,2,2783,4134
25,test,13,14,0,1,0,1,2,1,2274,3664
25,test,13,15,1,0,0,1,1,2,2385,3624
25,test,13,16,1,0,0,1,2,1,2715,4042
25,test,13,17,0,1,1,0,-1,2,2214,3469
25,test,13,18,0,1,0,1,0,2,3085,4036
25,test,13,19,1,0,0,0,-9,1,2800,3783
25,test,13,20,0,1,1,0,-3,2,2234,3665
25,test,13,21,1,0,0,0,5,1,2203,3250
25,test,13,22,1,0,0,0,12,1,2047,3102
25,test,13,23,0,1,1,0,0,2,2430,3389
25,test,13,24,0,1,0,0,-9,2,2666,3713
25,test,13,25,1,0,0,0,7,1,3016,4047
25,test,13,26,0,1,0,1,4,2,2182,3157
25,test,13,27,1,0,0,0,1,1,2938,4865
25,test,13,28,1,0,0,0,2,1,2636,3627
25,test,13,29,0,1,1,0,-2,2,2186,3289
25,test,13,30,0,1,0,1,0,1,3100,4299
25,test,13,31,1,0,0,0,4,2,2019,3282
25,test,13,32,0,1,0,1,2,2,2347,3298
25,test,13,33,1,0,0,1,0,1,2181,3252
25,test,13,34,1,0,0,0,1,2,2518,3365
25,test,13,35,1,0,0,1,3,2,2681,3831
25,test,13,36,1,0,0,0,1,1,2212,3331
25,test,16,1,0,1,0,1,-1,1,2809,3976
25,test,16,2,0,1,0,1,0,2,3108,5227
25,test,16,3,1,0,0,0,1,1,2463,3542
25,test,16,4,1,0,0,0,3,1,1876,2843
25,test,16,5,0,1,0,1,3,1,2605,3676
25,test,16,6,0,1,0,0,-14,2,2096,3311
25,test,16,7,1,0,0,0,-10,1,2414,3301
25,test,16,8,0,1,1,0,-4,2,2740,4667
25,test,16,9,1,0,0,1,1,2,2182,3269
25,test,16,10,0,1,0,1,0,2,2937,4040
25,test,16,11,0,1,0,1,1,1,2279,3230
25,test,16,12,1,0,0,0,3,1,1898,2944
25,test,16,13,1,0,0,1,0,2,2787,4114
25,test,16,14,0,1,1,0,-2,1,3818,5553
25,test,16,15,1,0,0,0,2,2,2696,5031
25,test,16,16,0,1,1,0,-16,2,3146,4177
25,test,16,17,1,0,0,1,0,1,2632,3727
25,test,16,18,0,1,1,0,-8,2,3454,4469
25,test,16,19,0,1,1,0,-3,2,3504,4342
25,test,16,20,1,0,0,0,3,2,1920,2775
25,test,16,21,0,1,0,0,-16,2,1898,2697
25,test,16,22,0,1,1,0,-4,2,2190,3133
25,test,16,23,1,0,0,0,13,1,1852,5059
25,test,16,24,1,0,0,1,-2,2,3012,4122
25,test,16,25,0,1,1,0,-2,2,2613,3620
25,test,16,26,1,0,0,0,1,2,2283,3434
25,test,16,27,1,0,0,0,2,1,2017,3200
25,test,16,28,0,1,0,0,-8,2,2557,3436
25,test,16,29,1,0,0,0,1,1,2300,3315
25,test,16,30,1,0,0,0,1,1,2140,3379
25,test,16,31,0,1,1,0,-3,2,3209,4520
25,test,16,32,1,0,0,0,-20,1,2176,3039
25,test,16,33,1,0,0,1,2,1,3387,4690
25,test,16,34,0,1,1,0,-5,2,2721,3656
25,test,16,35,1,0,0,0,3,1,2241,3224
25,test,16,36,0,1,1,0,-9,1,2963,4810
25,test,19,1,1,0,0,0,-1,1,2913,4040
25,test,19,2,1,0,0,0,0,1,3140,4235
25,test,19,3,0,1,1,0,-3,2,1883,2730
25,test,19,4,1,0,0,1,0,1,3012,4483
25,test,19,5,0,1,1,0,-6,2,2342,3245
25,test,19,6,1,0,0,0,-12,1,2164,3155
25,test,19,7,0,1,0,1,1,2,2763,3962
25,test,19,8,1,0,0,0,1,1,2357,3420
25,test,19,9,0,1,0,0,-13,2,2475,3466
25,test,19,10,1,0,0,0,1,1,2469,3692
25,test,19,11,0,1,0,1,1,1,2720,4463
25,test,19,12,0,1,1,0,-3,2,2472,3279
25,test,19,13,1,0,0,1,1,1,2983,3878
25,test,19,14,1,0,0,1,1,1,3027,3930
25,test,19,15,0,1,1,0,-8,2,2118,3221
25,test,19,16,0,1,0,1,1,1,1862,2997
25,test,19,17,1,0,0,0,-18,1,1771,2610
25,test,19,18,1,0,0,0,2,1,1887,2958
25,test,19,19,0,1,1,0,-4,2,2679,3822
25,test,19,20,1,0,0,0,1,1,2376,3399
25,test,19,21,1,0,0,0,-17,1,2014,2893
25,test,19,22,0,1,1,0,-7,2,2126,3589
25,test,19,23,0,1,0,1,0,2,3170,4513
25,test,19,24,1,0,0,0,1,1,2051,3034
25,test,19,25,0,1,1,0,-4,2,2171,3074
25,test,19,26,0,1,1,0,-3,1,2468,3563
25,test,19,27,1,0,0,1,0,2,1914,3969
25,test,19,28,1,0,0,0,1,1,2403,3378
25,test,19,29,0,1,0,1,0,1,2478,3453
25,test,19,30,0,1,1,0,-8,2,2065,3376
25,test,19,31,1,0,0,0,1,1,1982,2997
25,test,19,32,0,1,0,0,-19,2,1997,2884
25,test,19,33,0,1,0,0,-29,2,1866,2881
25,test,19,34,1,0,0,1,-3,1,1895,3134
25,test,19,35,0,1,1,0,0,2,2189,3699
25,test,19,36,1,0,0,0,1,1,1974,3021
26,baseline,2,1,1,0,0,0,-9,1,4254,7909
26,baseline,2,2,0,1,0,0,-18,2,4256,6903
26,baseline,2,3,0,1,0,0,-25,2,4747,6098
26,baseline,2,4,1,0,0,0,-16,1,3963,5818
26,baseline,2,5,0,1,0,0,-10,2,3563,4858
26,baseline,2,6,1,0,0,0,-5,1,2865,4664
26,baseline,2,7,0,1,0,0,-16,2,3940,5755
26,baseline,2,8,1,0,0,0,-13,1,2080,3535
26,baseline,2,9,0,1,0,0,-28,2,2975,4398
26,baseline,2,10,1,0,0,0,-11,1,3292,4539
26,acq,4,1,1,0,0,0,-12,1,7136,10007
26,acq,4,2,0,1,1,0,-29,2,3847,5350
26,acq,4,3,1,0,0,0,2,1,2256,3775
26,acq,4,4,0,1,1,0,-21,2,4461,9252
26,acq,4,5,1,0,0,0,4,1,2608,4207
26,acq,4,6,1,0,0,0,15,1,3414,5797
26,acq,4,7,0,1,1,0,-16,2,3825,5184
26,acq,4,8,0,1,1,0,-14,2,2886,4645
26,acq,7,1,1,0,0,0,4,1,3521,7032
26,acq,7,2,0,1,1,0,-6,2,3112,4471
26,acq,7,3,1,0,0,0,15,1,3348,4675
26,acq,7,4,1,0,0,0,11,1,4493,5684
26,acq,7,5,0,1,1,0,0,2,3320,5551
26,acq,7,6,1,0,0,0,2,1,2651,4346
26,acq,7,7,0,1,1,0,-15,2,6344,7807
26,acq,7,8,0,1,1,0,-14,2,2927,6254
26,acq,10,1,0,1,1,0,-14,2,5817,7792
26,acq,10,2,0,1,1,0,-14,2,5656,6799
26,acq,10,3,1,0,0,0,0,1,4259,8298
26,acq,10,4,0,1,1,0,-22,2,3257,4543
26,acq,10,5,1,0,0,0,1,1,3730,5489
26,acq,10,6,1,0,0,0,-1,1,3783,6150
26,acq,10,7,0,1,1,0,-19,2,7722,8897
26,acq,10,8,1,0,0,0,12,1,2665,4936
26,test,13,1,0,1,1,0,-24,2,3369,6016
26,test,13,2,0,1,1,0,-21,2,5458,6729
26,test,13,3,1,0,0,0,-4,1,4348,5547
26,test,13,4,0,1,1,0,-18,2,4237,5716
26,test,13,5,1,0,0,0,6,1,3964,5307
26,test,13,6,1,0,0,0,-1,1,4170,5497
26,test,13,7,0,1,0,0,-18,2,6348,8763
26,test,13,8,1,0,0,0,3,1,2382,3509
26,test,13,9,1,0,0,0,11,1,2942,3965
26,test,13,10,0,1,0,1,-19,2,4829,7764
26,test,13,11,0,1,1,0,-25,2,2444,3515
26,test,13,12,1,0,0,1,0,1,2352,3967
26,test,13,13,1,0,0,0,9,1,3227,5185
26,test,13,14,0,1,0,0,-26,2,3873,4712
26,test,13,15,0,1,0,1,-10,2,5938,7073
26,test,13,16,1,0,0,1,6,1,4957,6140
26,test,13,17,0,1,1,0,-19,2,8015,9062
26,test,13,18,1,0,0,0,-5,1,3937,5032
26,test,13,19,1,0,0,0,0,1,3662,4701
26,test,13,20,0,1,1,0,-14,2,2545,3576
26,test,13,21,0,1,0,1,-7,2,9794,11297
26,test,13,22,1,0,0,1,-2,1,2513,3680
26,test,13,23,1,0,0,1,-1,1,5086,6317
26,test,13,24,0,1,1,0,-17,2,7548,9979
26,test,13,25,1,0,0,0,1,1,3299,6466
26,test,13,26,0,1,0,0,-23,2,3095,4142
26,test,13,27,0,1,0,1,-15,2,3297,4344
26,test,13,28,1,0,0,0,-1,1,5748,6987
26,test,13,29,1,0,0,0,6,1,4158,5253
26,test,13,30,0,1,0,1,-21,2,2578,3537
26,test,13,31,0,1,1,0,-21,2,4691,5898
26,test,13,32,1,0,0,0,3,1,3093,4060
26,test,13,33,1,0,0,0,-1,1,4478,6300
26,test,13,34,0,1,1,0,-21,2,3501,4820
26,test,13,35,0,1,1,0,-18,2,3280,4503
26,test,13,36,1,0,0,1,0,1,3840,5055
26,test,16,1,0,1,0,1,3,2,4577,6088
26,test,16,2,1,0,0,0,9,1,4048,5135
26,test,16,3,0,1,1,0,-4,2,3476,4651
26,test,16,4,1,0,0,0,13,1,3561,4560
26,test,16,5,1,0,0,0,17,1,3538,4553
26,test,16,6,0,1,0,1,-7,2,4287,5766
26,test,16,7,1,0,0,0,8,1,4023,5534
26,test,16,8,1,0,0,0,17,1,3733,5003
26,test,16,9,0,1,1,0,-21,2,2972,3931
26,test,16,10,0,1,1,0,-19,2,2434,3705
26,test,16,11,1,0,0,1,2,1,2890,4169
26,test,16,12,0,1,0,1,0,2,2806,4349
26,test,16,13,1,0,0,1,6,1,5226,6585
26,test,16,14,1,0,0,1,7,1,3426,5153
26,test,16,15,0,1,1,0,-21,2,3459,6738
26,test,16,16,1,0,0,1,0,1,5147,6306
26,test,16,17,0,1,0,1,1,2,3289,4408
26,test,16,18,1,0,0,0,10,1,2454,3573
26,test,16,19,1,0,0,0,18,1,2594,3729
26,test,16,20,0,1,1,0,-20,2,2581,3820
26,test,16,21,1,0,0,0,-4,1,3689,5696
26,test,16,22,0,1,0,0,-24,2,4123,4898
26,test,16,23,0,1,1,0,-22,2,6697,7768
26,test,16,24,1,0,0,0,9,1,5541,7100
26,test,16,25,0,1,1,0,-23,2,4320,5527
26,test,16,26,0,1,0,0,-25,NA,10783,NA
26,test,16,27,1,0,0,1,9,1,5197,6540
26,test,16,28,1,0,0,0,15,1,2604,4690
26,test,16,29,0,1,1,0,-22,2,4158,5389
26,test,16,30,0,1,0,1,-1,1,6324,7659
26,test,16,31,1,0,0,0,-1,1,7199,8118
26,test,16,32,1,0,0,0,1,1,2562,3929
26,test,16,33,0,1,1,0,-13,2,5120,6815
26,test,16,34,0,1,0,0,-14,2,5125,6356
26,test,16,35,1,0,0,0,-2,1,2528,3495
26,test,16,36,0,1,1,0,-21,2,2763,3786
26,test,19,1,1,0,0,1,11,1,5169,6376
26,test,19,2,1,0,0,0,-2,1,3274,4273
26,test,19,3,0,1,0,0,-13,2,5483,6610
26,test,19,4,0,1,1,0,-21,2,3110,4101
26,test,19,5,1,0,0,1,2,1,2427,3602
26,test,19,6,0,1,1,0,-16,2,5543,6750
26,test,19,7,1,0,0,0,17,1,5374,7261
26,test,19,8,1,0,0,0,12,1,4267,5106
26,test,19,9,0,1,1,0,-22,2,3859,5250
26,test,19,10,0,1,0,0,-17,2,6365,7572
26,test,19,11,1,0,0,0,8,1,4258,6409
26,test,19,12,1,0,0,0,12,1,4205,5604
26,test,19,13,0,1,1,0,-18,2,6771,7842
26,test,19,14,1,0,0,0,10,1,5606,6837
26,test,19,15,1,0,0,0,14,1,4667,7130
26,test,19,16,0,1,1,0,-26,2,3628,4547
26,test,19,17,0,1,0,1,0,1,4339,5978
26,test,19,18,1,0,0,0,-3,1,3364,4483
26,test,19,19,0,1,0,1,2,2,2250,3305
26,test,19,20,0,1,0,1,6,2,5163,6034
26,test,19,21,1,0,0,0,14,1,5369,6312
26,test,19,22,1,0,0,1,7,1,4180,5347
26,test,19,23,0,1,1,0,-21,2,2659,3514
26,test,19,24,1,0,0,0,-4,1,5068,5971
26,test,19,25,0,1,1,0,-22,2,6505,7416
26,test,19,26,0,1,0,1,2,2,2417,3432
26,test,19,27,1,0,0,0,9,1,4569,5528
26,test,19,28,1,0,0,0,10,1,6920,7767
26,test,19,29,0,1,0,0,-19,2,5062,5845
26,test,19,30,1,0,0,1,0,1,3932,4843
26,test,19,31,0,1,1,0,-17,2,5090,5865
26,test,19,32,0,1,1,0,-21,2,3571,4370
26,test,19,33,1,0,0,1,2,1,3565,4724
26,test,19,34,0,1,1,0,-14,2,6719,9966
26,test,19,35,0,1,0,1,1,2,5722,7825
26,test,19,36,1,0,0,0,14,1,4218,5353
27,baseline,2,1,0,1,0,0,-45,1,3804,7075
27,baseline,2,2,0,1,0,0,-43,1,4432,6286
27,baseline,2,3,1,0,0,0,-45,2,3966,5245
27,baseline,2,4,0,1,0,0,-45,1,3641,5368
27,baseline,2,5,1,0,0,0,-43,2,4230,5597
27,baseline,2,6,1,0,0,0,-43,2,3914,4897
27,baseline,2,7,0,1,0,0,-43,1,2860,4123
27,baseline,2,8,1,0,0,0,-38,2,2667,3962
27,baseline,2,9,0,1,0,0,-36,1,2789,3876
27,baseline,2,10,1,0,0,0,-36,2,2457,3320
27,acq,4,1,1,0,0,0,-13,1,5337,6904
27,acq,4,2,1,0,0,0,-11,2,3363,4818
27,acq,4,3,0,1,1,0,-19,1,3094,4357
27,acq,4,4,0,1,1,0,-20,1,4027,5266
27,acq,4,5,1,0,0,0,-9,2,2904,3951
27,acq,4,6,1,0,0,0,-12,1,3264,4439
27,acq,4,7,0,1,1,0,-20,1,3435,4490
27,acq,4,8,0,1,1,0,-28,1,3585,4528
27,acq,7,1,0,1,1,0,-12,1,3937,5352
27,acq,7,2,1,0,0,0,6,2,3017,5216
27,acq,7,3,1,0,0,0,7,1,3732,5811
27,acq,7,4,0,1,1,0,0,1,4912,6775
27,acq,7,5,1,0,0,0,3,2,3808,5159
27,acq,7,6,1,0,0,0,3,2,4497,5528
27,acq,7,7,0,1,1,0,-6,1,3184,4271
27,acq,7,8,0,1,1,0,-9,1,4784,5695
27,acq,10,1,0,1,1,0,-6,1,4817,6160
27,acq,10,2,1,0,0,0,5,2,3480,6815
27,acq,10,3,1,0,0,0,3,2,5772,7203
27,acq,10,4,0,1,1,0,1,1,3712,4919
27,acq,10,5,1,0,0,0,2,2,3625,4816
27,acq,10,6,1,0,0,0,5,2,2911,4102
27,acq,10,7,0,1,1,0,-1,1,4682,5913
27,acq,10,8,0,1,1,0,1,1,2575,3750
27,test,13,1,0,1,0,0,-19,1,4233,5960
27,test,13,2,1,0,0,1,4,2,4498,5449
27,test,13,3,1,0,0,0,7,2,3083,4130
27,test,13,4,0,1,0,1,2,1,2459,3674
27,test,13,5,1,0,0,1,5,2,3441,4416
27,test,13,6,1,0,0,0,6,2,2451,3562
27,test,13,7,0,1,1,0,0,1,2890,4745
27,test,13,8,1,0,0,0,4,2,2270,3365
27,test,13,9,1,0,0,0,-6,2,3197,4692
27,test,13,10,0,1,0,0,-12,1,3267,4306
27,test,13,11,0,1,1,0,-4,1,3862,5197
27,test,13,12,1,0,0,0,4,2,2639,3566
27,test,13,13,1,0,0,0,3,2,3044,4075
27,test,13,14,0,1,1,0,0,1,3439,4382
27,test,13,15,0,1,0,1,2,1,3976,4975
27,test,13,16,1,0,0,0,4,2,2808,3855
27,test,13,17,0,1,1,0,-1,1,3640,4719
27,test,13,18,0,1,1,0,0,1,5184,6087
27,test,13,19,1,0,0,1,4,2,2919,3982
27,test,13,20,1,0,0,0,5,2,3661,4644
27,test,13,21,0,1,0,1,3,1,2719,3734
27,test,13,22,1,0,0,1,3,2,3225,4504
27,test,13,23,0,1,1,0,-3,1,4105,5208
27,test,13,24,1,0,0,0,4,2,2379,3298
27,test,13,25,0,1,1,0,-2,1,4633,5496
27,test,13,26,0,1,0,0,-11,1,3416,4519
27,test,13,27,1,0,0,0,-13,2,3784,5215
27,test,13,28,0,1,0,1,4,1,3981,5396
27,test,13,29,0,1,1,0,0,1,5110,6229
27,test,13,30,1,0,0,1,2,2,2451,3386
27,test,13,31,1,0,0,0,-18,2,2469,3444
27,test,13,32,0,1,1,0,-9,1,2753,5480
27,test,13,33,0,1,0,1,1,1,4393,5472
27,test,13,34,1,0,0,0,3,2,2221,2988
27,test,13,35,0,1,1,0,-6,1,2492,3579
27,test,13,36,1,0,0,0,5,2,2823,3814
27,test,16,1,1,0,0,0,5,1,4113,6648
27,test,16,2,1,0,0,0,4,2,3679,4502
27,test,16,3,0,1,0,1,1,1,4314,5457
27,test,16,4,1,0,0,0,3,2,2442,3217
27,test,16,5,1,0,0,1,5,2,2093,2892
27,test,16,6,0,1,0,1,2,1,2751,3798
27,test,16,7,0,1,0,0,-12,1,2850,4465
27,test,16,8,1,0,0,1,3,2,3092,3899
27,test,16,9,1,0,0,0,-7,2,2193,3000
27,test,16,10,0,1,1,0,0,1,2597,3748
27,test,16,11,0,1,1,0,1,1,3746,4633
27,test,16,12,1,0,0,0,4,2,2236,3019
27,test,16,13,1,0,0,0,5,2,2435,3282
27,test,16,14,0,1,1,0,0,1,3370,4561
27,test,16,15,1,0,0,1,3,2,2681,3472
27,test,16,16,1,0,0,0,4,2,2161,3176
27,test,16,17,0,1,0,1,4,1,2793,4000
27,test,16,18,0,1,1,0,-1,1,3117,4140
27,test,16,19,1,0,0,0,7,2,2360,3343
27,test,16,20,1,0,0,0,6,2,1923,2994
27,test,16,21,0,1,1,0,-2,1,4248,5295
27,test,16,22,1,0,0,1,3,2,2276,3203
27,test,16,23,0,1,1,0,1,1,2545,3488
27,test,16,24,1,0,0,0,4,2,3204,4459
27,test,16,25,0,1,1,0,0,1,5083,6306
27,test,16,26,1,0,0,0,5,2,2458,3513
27,test,16,27,0,1,1,0,0,1,6288,7487
27,test,16,28,0,1,0,1,3,1,3105,4576
27,test,16,29,1,0,0,0,-6,2,3270,4141
27,test,16,30,0,1,1,0,-4,1,3145,5152
27,test,16,31,0,1,0,0,-7,1,3948,4899
27,test,16,32,1,0,0,1,3,2,2141,3116
27,test,16,33,0,1,0,1,5,1,4105,5584
27,test,16,34,1,0,0,0,-7,2,2379,3410
27,test,16,35,0,1,0,0,-7,1,2451,4386
27,test,16,36,0,1,1,0,-2,1,3287,4646
27,test,19,1,0,1,1,0,-5,1,4033,6096
27,test,19,2,1,0,0,1,4,2,2399,3182
27,test,19,3,0,1,0,1,4,1,2206,3133
27,test,19,4,0,1,1,0,-5,1,2335,3254
27,test,19,5,1,0,0,0,5,2,2291,3114
27,test,19,6,1,0,0,1,3,2,1910,2845
27,test,19,7,0,1,0,1,2,1,2366,3285
27,test,19,8,1,0,0,1,3,2,2208,3015
27,test,19,9,1,0,0,0,6,2,2537,4264
27,test,19,10,0,1,1,0,-4,1,3547,4514
27,test,19,11,0,1,1,0,-3,1,2583,3382
27,test,19,12,1,0,0,0,6,2,2866,3817
27,test,19,13,1,0,0,1,3,2,1837,2780
27,test,19,14,0,1,0,1,0,1,4060,5195
27,test,19,15,0,1,1,0,-3,1,4654,5509
27,test,19,16,1,0,0,0,5,2,2013,2796
27,test,19,17,1,0,0,0,-19,2,3549,4652
27,test,19,18,0,1,1,0,-8,1,3495,4518
27,test,19,19,1,0,0,0,-19,2,3539,4642
27,test,19,20,0,1,0,0,-17,1,2555,3722
27,test,19,21,0,1,0,0,-16,1,2822,4029
27,test,19,22,1,0,0,0,5,2,2287,3270
27,test,19,23,0,1,0,0,-19,1,2215,3254
27,test,19,24,1,0,0,0,-20,2,3351,4430
27,test,19,25,1,0,0,0,4,2,2788,3787
27,test,19,26,0,1,1,0,-3,1,3598,4573
27,test,19,27,1,0,0,1,5,2,2258,3321
27,test,19,28,0,1,0,1,1,1,3555,4874
27,test,19,29,0,1,0,1,3,1,3242,4305
27,test,19,30,1,0,0,0,6,2,2178,2953
27,test,19,31,0,1,1,0,0,1,4229,5268
27,test,19,32,1,0,0,0,5,2,2352,3143
27,test,19,33,1,0,0,0,5,2,1785,2584
27,test,19,34,0,1,1,0,-4,1,4792,5991
27,test,19,35,1,0,0,0,7,2,2607,3398
27,test,19,36,0,1,1,0,-5,1,2960,3943
28,baseline,2,1,1,0,0,0,-40,2,4070,5581
28,baseline,2,2,1,0,0,0,-35,2,2690,3785
28,baseline,2,3,0,1,0,0,-39,1,3511,4613
28,baseline,2,4,0,1,0,0,-29,1,1841,2960
28,baseline,2,5,1,0,0,0,-30,2,3191,4174
28,baseline,2,6,0,1,0,0,-28,1,2615,3494
28,baseline,2,7,0,1,0,0,-25,1,2129,3144
28,baseline,2,8,1,0,0,0,-28,2,3488,4623
28,baseline,2,9,0,1,0,0,-29,1,2471,3598
28,baseline,2,10,1,0,0,0,-13,2,2159,3182
28,acq,4,1,0,1,1,0,-19,1,4216,5967
28,acq,4,2,1,0,0,0,-5,2,4211,5338
28,acq,4,3,1,0,0,0,-2,2,2659,3738
28,acq,4,4,0,1,1,0,-23,1,2852,3995
28,acq,4,5,1,0,0,0,-5,1,3229,4140
28,acq,4,6,0,1,1,0,-18,1,2042,2921
28,acq,4,7,1,0,0,0,-6,2,3270,4269
28,acq,4,8,0,1,1,0,-18,1,2504,3335
28,acq,7,1,0,1,1,0,-31,1,5273,7136
28,acq,7,2,1,0,0,0,2,2,2844,4507
28,acq,7,3,1,0,0,0,0,2,3644,4515
28,acq,7,4,0,1,1,0,-19,1,2173,3084
28,acq,7,5,0,1,1,0,-28,1,2552,3767
28,acq,7,6,1,0,0,0,2,2,3814,4757
28,acq,7,7,1,0,0,0,7,2,2500,3595
28,acq,7,8,0,1,1,0,-12,1,4605,5556
28,acq,10,1,1,0,0,0,-4,1,5625,8440
28,acq,10,2,0,1,1,0,-11,1,3069,4252
28,acq,10,3,1,0,0,0,6,2,2406,3517
28,acq,10,4,0,1,1,0,-8,1,2584,3783
28,acq,10,5,1,0,0,0,19,2,3008,4015
28,acq,10,6,1,0,0,0,11,2,2211,3186
28,acq,10,7,0,1,1,0,-13,1,3559,4478
28,acq,10,8,0,1,1,0,-23,1,3504,4455
28,test,13,1,0,1,1,0,-26,1,2883,3874
28,test,13,2,1,0,0,0,-35,2,1777,2792
28,test,13,3,1,0,0,0,0,1,3942,4853
28,test,13,4,0,1,0,1,5,1,2218,3360
28,test,13,5,0,1,0,1,3,1,2397,3404
28,test,13,6,1,0,0,0,9,1,2415,3318
28,test,13,7,1,0,0,1,0,1,2456,3342
28,test,13,8,0,1,1,0,-4,1,2656,3711
28,test,13,9,0,1,1,0,0,1,3486,4613
28,test,13,10,1,0,0,1,6,2,2095,2870
28,test,13,11,0,1,0,0,-28,1,2052,2947
28,test,13,12,0,1,0,0,-35,1,2459,3298
28,test,13,13,1,0,0,1,8,2,2215,2966
28,test,13,14,0,1,1,0,-3,1,3416,4511
28,test,13,15,1,0,0,0,-37,2,2718,3645
28,test,13,16,1,0,0,0,5,2,3160,4367
28,test,13,17,0,1,1,0,-5,1,2162,3161
28,test,13,18,0,1,1,0,-1,1,4120,5031
28,test,13,19,1,0,0,0,12,1,2290,3361
28,test,13,20,1,0,0,1,8,1,3522,4993
28,test,13,21,0,1,1,0,-5,1,1928,2679
28,test,13,22,0,1,1,0,-12,1,2460,4259
28,test,13,23,1,0,0,0,11,2,2631,3518
28,test,13,24,0,1,0,1,5,1,2753,3568
28,test,13,25,1,0,0,0,19,2,2160,3095
28,test,13,26,0,1,0,1,14,1,2105,2944
28,test,13,27,1,0,0,0,-25,2,1917,2804
28,test,13,28,1,0,0,0,2,2,2580,5587
28,test,13,29,0,1,0,1,0,1,2410,3465
28,test,13,30,1,0,0,0,8,2,2307,3226
28,test,13,31,0,1,1,0,-3,1,2399,3478
28,test,13,32,0,1,0,0,-16,1,2498,3489
28,test,13,33,1,0,0,0,0,2,3074,3825
28,test,13,34,1,0,0,0,9,1,2100,3059
28,test,13,35,0,1,1,0,0,1,3189,4036
28,test,13,36,1,0,0,1,15,2,2478,3173
28,test,16,1,0,1,0,0,-36,1,2289,3464
28,test,16,2,0,1,1,0,-9,1,2525,4012
28,test,16,3,1,0,0,1,0,1,4141,5036
28,test,16,4,1,0,0,0,-35,2,2063,3182
28,test,16,5,0,1,1,0,-15,1,2231,3366
28,test,16,6,1,0,0,0,6,1,2284,3403
28,test,16,7,1,0,0,1,9,1,2384,3383
28,test,16,8,0,1,1,0,-6,1,2100,3107
28,test,16,9,0,1,1,0,-13,1,2628,3571
28,test,16,10,1,0,0,0,6,1,3776,5167
28,test,16,11,0,1,0,1,9,1,2850,3697
28,test,16,12,1,0,0,0,8,1,3715,4530
28,test,16,13,1,0,0,0,13,1,2941,3748
28,test,16,14,0,1,1,0,-7,1,2636,3475
28,test,16,15,0,1,0,0,-23,1,2823,4366
28,test,16,16,1,0,0,0,-36,2,2108,3075
28,test,16,17,0,1,0,1,-5,1,3126,4525
28,test,16,18,1,0,0,0,9,1,2104,2839
28,test,16,19,0,1,0,0,-22,1,3903,4726
28,test,16,20,1,0,0,0,10,1,2771,3770
28,test,16,21,0,1,0,1,-3,1,2694,4029
28,test,16,22,1,0,0,0,7,1,2522,3569
28,test,16,23,0,1,1,0,-14,1,2042,3057
28,test,16,24,1,0,0,1,-9,1,3038,4181
28,test,16,25,1,0,0,1,0,2,2736,3527
28,test,16,26,0,1,1,0,-13,1,1799,2646
28,test,16,27,1,0,0,0,2,1,3085,3892
28,test,16,28,1,0,0,0,13,1,2263,3206
28,test,16,29,0,1,1,0,-30,1,3092,3947
28,test,16,30,0,1,1,0,-37,1,2036,2803
28,test,16,31,1,0,0,0,1,1,3195,4194
28,test,16,32,0,1,1,0,-18,2,2665,3704
28,test,16,33,1,0,0,0,-33,2,2719,3622
28,test,16,34,0,1,0,1,0,1,2168,3111
28,test,16,35,0,1,0,1,-4,1,3899,4882
28,test,16,36,1,0,0,1,5,2,3189,4404
28,test,19,1,1,0,0,1,-6,2,3841,5912
28,test,19,2,0,1,1,0,-16,1,2576,3383
28,test,19,3,1,0,0,1,-6,1,3690,4705
28,test,19,4,1,0,0,1,1,1,2047,2870
28,test,19,5,0,1,0,1,5,1,1880,2775
28,test,19,6,0,1,1,0,-14,1,2176,2927
28,test,19,7,1,0,0,0,7,1,2124,3051
28,test,19,8,1,0,0,0,18,1,1884,2915
28,test,19,9,0,1,0,1,9,1,2733,3524
28,test,19,10,1,0,0,0,0,1,2942,3725
28,test,19,11,0,1,0,0,-28,1,2332,3355
28,test,19,12,1,0,0,1,-6,2,2500,7835
28,test,19,13,1,0,0,0,4,1,2853,3812
28,test,19,14,0,1,1,0,-9,1,1805,2860
28,test,19,15,1,0,0,0,15,1,1917,3060
28,test,19,16,0,1,1,0,0,1,2525,3708
28,test,19,17,0,1,0,1,2,1,2830,3597
28,test,19,18,1,0,0,0,9,1,2328,3871
28,test,19,19,0,1,1,0,-13,1,2089,3024
28,test,19,20,1,0,0,0,6,1,2140,2859
28,test,19,21,0,1,1,0,-6,1,2221,3028
28,test,19,22,1,0,0,0,0,1,2011,2818
28,test,19,23,0,1,1,0,-14,1,2032,2903
28,test,19,24,1,0,0,0,4,1,2350,3093
28,test,19,25,0,1,1,0,-1,1,2535,3518
28,test,19,26,1,0,0,1,1,1,2510,3477
28,test,19,27,0,1,1,0,-7,1,1822,2749
28,test,19,28,0,1,0,1,1,1,2005,3100
28,test,19,29,1,0,0,0,-18,1,2103,3062
28,test,19,30,1,0,0,0,-36,1,2076,2947
28,test,19,31,0,1,0,1,0,1,2999,3854
28,test,19,32,0,1,0,0,-18,1,3045,3964
28,test,19,33,1,0,0,0,7,1,2236,7259
28,test,19,34,0,1,1,0,-18,1,2098,2913
28,test,19,35,0,1,0,0,-31,1,2304,3207
28,test,19,36,1,0,0,0,-39,2,2328,3239
29,baseline,2,1,1,0,0,0,-40,1,5253,10796
29,baseline,2,2,0,1,0,0,-43,1,3376,5311
29,baseline,2,3,0,1,0,0,-40,2,2062,4261
29,baseline,2,4,1,0,0,0,-43,1,3370,5201
29,baseline,2,5,0,1,0,0,-40,2,2483,4666
29,baseline,2,6,1,0,0,0,-42,1,2827,4130
29,baseline,2,7,1,0,0,0,-45,1,2609,4369
29,baseline,2,8,0,1,0,0,-41,2,3110,4829
29,baseline,2,9,1,0,0,0,-34,1,2188,4107
29,baseline,2,10,0,1,0,0,-41,2,2037,3403
29,acq,4,1,1,0,0,0,-33,1,4161,7296
29,acq,4,2,0,1,1,0,-40,2,2433,4336
29,acq,4,3,1,0,0,0,-34,1,2089,3312
29,acq,4,4,0,1,1,0,-37,2,3034,4977
29,acq,4,5,1,0,0,0,-33,1,3216,4718
29,acq,4,6,0,1,1,0,-42,2,2547,3962
29,acq,4,7,0,1,1,0,-43,2,2040,3007
29,acq,4,8,1,0,0,0,-17,1,4274,5649
29,acq,7,1,0,1,1,0,-21,2,4441,6935
29,acq,7,2,0,1,1,0,-11,2,4320,5943
29,acq,7,3,1,0,0,0,16,1,3684,5603
29,acq,7,4,1,0,0,0,24,1,3547,4978
29,acq,7,5,0,1,1,0,-6,2,2064,3631
29,acq,7,6,1,0,0,0,30,1,3667,4866
29,acq,7,7,1,0,0,0,29,1,2217,3888
29,acq,7,8,0,1,1,0,-3,2,2987,4322
29,acq,10,1,0,1,1,0,-15,2,6337,8119
29,acq,10,2,0,1,1,0,-7,2,2230,3677
29,acq,10,3,1,0,0,0,32,1,2341,3732
29,acq,10,4,1,0,0,0,26,1,3428,5115
29,acq,10,5,0,1,1,0,-5,2,3259,4706
29,acq,10,6,1,0,0,0,25,1,2149,3636
29,acq,10,7,0,1,1,0,-8,2,3207,4702
29,acq,10,8,1,0,0,0,21,1,2929,4376
29,test,13,1,0,1,1,0,-9,2,2937,4216
29,test,13,2,1,0,0,0,21,1,3772,5491
29,test,13,3,1,0,0,0,22,1,2830,4165
29,test,13,4,0,1,0,1,-7,2,3363,5018
29,test,13,5,0,1,0,1,-3,2,2526,3661
29,test,13,6,1,0,0,1,11,1,2886,4549
29,test,13,7,0,1,1,0,-12,2,2436,3443
29,test,13,8,0,1,1,0,-10,2,2128,3071
29,test,13,9,1,0,0,0,-25,1,6210,7729
29,test,13,10,1,0,0,0,18,1,2401,3528
29,test,13,11,0,1,1,0,-24,2,6121,8296
29,test,13,12,1,0,0,0,-29,1,1826,2929
29,test,13,13,1,0,0,0,23,1,1837,2948
29,test,13,14,0,1,0,0,-29,2,3070,4077
29,test,13,15,0,1,1,0,-9,2,2268,3739
29,test,13,16,1,0,0,1,10,1,2685,4212
29,test,13,17,0,1,0,0,-37,2,2812,4083
29,test,13,18,0,1,1,0,-13,2,9486,10829
29,test,13,19,1,0,0,0,23,1,4118,6037
29,test,13,20,1,0,0,0,22,1,3117,4892
29,test,13,21,0,1,1,0,-18,2,3498,4969
29,test,13,22,0,1,0,1,2,2,4731,6098
29,test,13,23,1,0,0,0,-42,1,2821,3692
29,test,13,24,1,0,0,1,12,1,2259,3290
29,test,13,25,0,1,1,0,-16,2,5239,6542
29,test,13,26,0,1,0,1,-14,2,4472,5359
29,test,13,27,1,0,0,0,10,1,4181,5316
29,test,13,28,1,0,0,0,24,1,2048,3287
29,test,13,29,0,1,1,0,-39,2,3978,4993
29,test,13,30,1,0,0,0,18,1,2052,3603
29,test,13,31,1,0,0,0,13,2,4906,5833
29,test,13,32,0,1,0,1,6,2,2151,2982
29,test,13,33,1,0,0,1,15,1,2858,3849
29,test,13,34,1,0,0,1,12,1,2015,3022
29,test,13,35,0,1,0,0,-37,2,2221,3228
29,test,13,36,0,1,1,0,-38,2,2765,4196
29,test,16,1,1,0,0,0,-36,1,2200,3607
29,test,16,2,0,1,0,1,13,2,3950,4741
29,test,16,3,1,0,0,0,-35,1,3077,4564
29,test,16,4,0,1,1,0,-4,2,4679,6158
29,test,16,5,1,0,0,0,25,1,2969,4376
29,test,16,6,0,1,1,0,-3,2,2103,3110
29,test,16,7,0,1,0,0,-38,2,3830,6949
29,test,16,8,1,0,0,1,21,1,1898,2953
29,test,16,9,1,0,0,0,30,1,3001,3904
29,test,16,10,0,1,0,1,18,2,2342,3285
29,test,16,11,1,0,0,0,23,1,2038,3045
29,test,16,12,1,0,0,0,28,1,1879,2902
29,test,16,13,0,1,1,0,-30,2,3759,5062
29,test,16,14,0,1,0,0,-31,2,3732,5051
29,test,16,15,1,0,0,0,15,1,2574,4125
29,test,16,16,1,0,0,1,21,1,2041,3191
29,test,16,17,0,1,0,1,18,1,2155,3418
29,test,16,18,0,1,1,0,-16,2,2151,3254
29,test,16,19,1,0,0,0,25,1,2889,4256
29,test,16,20,1,0,0,1,16,1,3026,3921
29,test,16,21,0,1,1,0,-28,2,1947,3042
29,test,16,22,0,1,1,0,-23,1,5138,7417
29,test,16,23,1,0,0,1,15,1,2249,4808
29,test,16,24,1,0,0,1,22,1,1908,2995
29,test,16,25,0,1,0,1,19,1,1703,3398
29,test,16,26,1,0,0,0,23,1,2410,3585
29,test,16,27,0,1,0,1,6,1,3636,4843
29,test,16,28,1,0,0,0,24,1,1577,2656
29,test,16,29,1,0,0,0,16,1,2267,3402
29,test,16,30,0,1,1,0,-32,2,2710,3901
29,test,16,31,0,1,1,0,-10,2,3143,4222
29,test,16,32,1,0,0,0,23,1,2252,3219
29,test,16,33,0,1,1,0,-19,2,2708,3507
29,test,16,34,0,1,0,0,-29,2,3562,4481
29,test,16,35,1,0,0,0,-28,1,1721,3624
29,test,16,36,0,1,1,0,-8,2,2471,3350
29,test,19,1,0,1,1,0,-16,2,2817,3784
29,test,19,2,0,1,1,0,-12,2,2096,3383
29,test,19,3,1,0,0,0,18,1,1913,3024
29,test,19,4,0,1,1,0,-21,2,2605,3636
29,test,19,5,0,1,0,1,-6,2,4718,5781
29,test,19,6,1,0,0,0,25,1,2613,3460
29,test,19,7,1,0,0,0,20,1,2187,3530
29,test,19,8,0,1,1,0,-38,2,1808,2583
29,test,19,9,1,0,0,0,-39,1,2181,3268
29,test,19,10,1,0,0,1,-6,1,2822,3933
29,test,19,11,0,1,0,1,-7,1,3723,5058
29,test,19,12,1,0,0,0,-38,1,1970,2833
29,test,19,13,0,1,0,0,-44,2,1806,2549
29,test,19,14,1,0,0,0,5,1,2398,3629
29,test,19,15,0,1,1,0,-30,2,2580,3531
29,test,19,16,1,0,0,1,7,1,2836,3795
29,test,19,17,0,1,0,0,-33,2,2986,3905
29,test,19,18,0,1,0,1,-1,2,3700,5124
29,test,19,19,1,0,0,0,3,1,6964,9194
29,test,19,20,1,0,0,0,11,1,3161,4272
29,test,19,21,0,1,1,0,-33,2,1768,2855
29,test,19,22,1,0,0,0,4,1,3605,4724
29,test,19,23,1,0,0,1,-3,1,2435,3282
29,test,19,24,0,1,1,0,-19,2,3399,4294
29,test,19,25,1,0,0,0,7,1,2633,3528
29,test,19,26,1,0,0,0,4,1,3304,4231
29,test,19,27,0,1,0,1,-5,1,2412,3371
29,test,19,28,0,1,0,1,-8,2,3002,3777
29,test,19,29,1,0,0,1,4,1,2169,3096
29,test,19,30,1,0,0,0,5,1,2374,3181
29,test,19,31,0,1,1,0,-24,2,3261,4180
29,test,19,32,0,1,1,0,-23,2,1868,2635
29,test,19,33,1,0,0,0,-34,1,1875,2818
29,test,19,34,0,1,0,0,-33,2,4523,5490
29,test,19,35,0,1,1,0,-17,2,1902,2853
29,test,19,36,1,0,0,1,-3,1,2224,3319
30,baseline,2,1,1,0,0,0,-16,1,3721,5696
30,baseline,2,2,1,0,0,0,-30,1,3322,5713
30,baseline,2,3,0,1,0,0,-39,2,4024,5503
30,baseline,2,4,0,1,0,0,-44,2,3285,4636
30,baseline,2,5,1,0,0,0,-42,1,3719,5062
30,baseline,2,6,0,1,0,0,-45,2,3023,4206
30,baseline,2,7,0,1,0,0,-45,2,3903,5110
30,baseline,2,8,1,0,0,0,-48,1,2932,4291
30,baseline,2,9,0,1,0,0,-46,2,2794,3985
30,baseline,2,10,1,0,0,0,-49,1,2835,4170
30,acq,4,1,1,0,0,0,-17,2,4369,6488
30,acq,4,2,1,0,0,0,-19,1,4530,7433
30,acq,4,3,0,1,1,0,-40,1,2836,4675
30,acq,4,4,0,1,1,0,-40,1,3276,4763
30,acq,4,5,1,0,0,0,-23,2,4730,6241
30,acq,4,6,0,1,1,0,-37,2,4352,6111
30,acq,4,7,0,1,1,0,-43,1,2176,3759
30,acq,4,8,1,0,0,0,-30,1,3607,5254
30,acq,7,1,1,0,0,0,-11,1,5161,8392
30,acq,7,2,0,1,1,0,-31,2,5816,7671
30,acq,7,3,1,0,0,0,-2,1,5130,8513
30,acq,7,4,0,1,1,0,-7,2,4001,6024
30,acq,7,5,1,0,0,0,2,1,4577,6384
30,acq,7,6,0,1,1,0,-9,2,3334,5213
30,acq,7,7,1,0,0,0,6,1,3950,5861
30,acq,7,8,0,1,1,0,-25,2,2898,4385
30,acq,10,1,0,1,1,0,-19,1,3913,5424
30,acq,10,2,0,1,1,0,-16,1,4001,5608
30,acq,10,3,1,0,0,0,6,1,2668,5147
30,acq,10,4,1,0,0,0,13,1,2811,4290
30,acq,10,5,0,1,1,0,-7,2,4233,5752
30,acq,10,6,1,0,0,0,8,1,3887,6190
30,acq,10,7,1,0,0,0,3,1,3720,5047
30,acq,10,8,0,1,1,0,-23,2,3116,4603
30,test,13,1,1,0,0,0,3,2,5065,7535
30,test,13,2,0,1,0,1,6,2,4275,6066
30,test,13,3,0,1,0,1,9,2,5317,7748
30,test,13,4,1,0,0,0,14,2,2769,4088
30,test,13,5,1,0,0,1,9,2,4381,7612
30,test,13,6,0,1,1,0,-10,2,4032,7719
30,test,13,7,1,0,0,1,6,1,4531,6474
30,test,13,8,0,1,0,0,-29,2,2559,4094
30,test,13,9,0,1,0,0,-38,2,3108,5915
30,test,13,10,1,0,0,0,-45,1,4805,7188
30,test,13,11,1,0,0,0,4,1,3950,5381
30,test,13,12,0,1,0,1,5,2,3440,4854
30,test,13,13,1,0,0,1,6,1,2206,3853
30,test,13,14,1,0,0,0,13,2,2898,4017
30,test,13,15,0,1,1,0,-4,2,2911,4910
30,test,13,16,0,1,1,0,-3,1,2719,6342
30,test,13,17,1,0,0,0,18,1,2915,4466
30,test,13,18,0,1,1,0,-10,2,3435,4602
30,test,13,19,0,1,0,1,1,2,3175,4438
30,test,13,20,1,0,0,0,-36,1,3494,4709
30,test,13,21,0,1,1,0,-5,2,4625,6376
30,test,13,22,0,1,0,0,-46,2,2606,3917
30,test,13,23,1,0,0,0,11,1,2367,3838
30,test,13,24,1,0,0,0,11,1,2783,4734
30,test,13,25,0,1,1,0,-22,2,2261,3420
30,test,13,26,1,0,0,0,15,2,1975,3222
30,test,13,27,0,1,0,1,6,2,2429,4900
30,test,13,28,1,0,0,0,12,1,2410,4336
30,test,13,29,1,0,0,0,-35,1,2747,4098
30,test,13,30,0,1,1,0,-24,2,3961,5200
30,test,13,31,1,0,0,0,10,2,2764,3907
30,test,13,32,0,1,1,0,-11,1,3086,5293
30,test,13,33,0,1,1,0,-12,1,4945,6688
30,test,13,34,1,0,0,1,-1,1,3598,5621
30,test,13,35,0,1,1,0,-14,1,4584,5887
30,test,13,36,1,0,0,1,8,1,3175,4526
30,test,16,1,1,0,0,0,6,1,3033,5176
30,test,16,2,1,0,0,0,14,2,2964,5579
30,test,16,3,0,1,0,1,5,2,4122,6497
30,test,16,4,0,1,0,1,11,1,2290,4033
30,test,16,5,1,0,0,0,22,1,2354,4657
30,test,16,6,0,1,0,0,-30,2,2889,4224
30,test,16,7,1,0,0,1,4,1,2604,4339
30,test,16,8,0,1,1,0,-2,1,3889,5552
30,test,16,9,0,1,0,1,6,1,3046,5861
30,test,16,10,1,0,0,0,14,1,2427,4218
30,test,16,11,0,1,1,0,-24,2,2701,4004
30,test,16,12,0,1,0,1,8,1,1763,4802
30,test,16,13,1,0,0,1,14,1,3471,4878
30,test,16,14,1,0,0,1,12,1,2365,3748
30,test,16,15,0,1,1,0,-5,2,2603,3698
30,test,16,16,1,0,0,0,15,1,2595,5530
30,test,16,17,1,0,0,0,17,2,2568,3887
30,test,16,18,0,1,1,0,-19,2,2431,3686
30,test,16,19,0,1,0,0,-36,2,2249,3368
30,test,16,20,1,0,0,0,-38,1,2661,4044
30,test,16,21,1,0,0,1,1,2,3452,6843
30,test,16,22,0,1,1,0,-3,1,2857,4312
30,test,16,23,0,1,0,0,-37,2,2414,3580
30,test,16,24,1,0,0,0,-42,1,2527,4182
30,test,16,25,0,1,0,1,4,2,2923,4114
30,test,16,26,1,0,0,0,-44,1,3211,4482
30,test,16,27,0,1,1,0,-4,2,2424,3471
30,test,16,28,1,0,0,0,8,1,2968,5095
30,test,16,29,0,1,1,0,-26,2,3690,4817
30,test,16,30,0,1,1,0,-10,1,2152,3951
30,test,16,31,1,0,0,1,5,1,2887,5118
30,test,16,32,1,0,0,0,11,1,2558,3693
30,test,16,33,0,1,1,0,-24,1,3102,4341
30,test,16,34,1,0,0,0,12,1,2714,4873
30,test,16,35,0,1,1,0,-17,2,2720,4015
30,test,16,36,1,0,0,0,8,1,2605,4628
30,test,19,1,1,0,0,0,7,2,2593,5160
30,test,19,2,1,0,0,0,16,2,2467,3634
30,test,19,3,0,1,0,1,11,2,4322,5329
30,test,19,4,1,0,0,0,-29,1,3087,4413
30,test,19,5,1,0,0,1,10,2,3686,5349
30,test,19,6,0,1,0,1,13,2,2377,3504
30,test,19,7,1,0,0,0,-35,1,3190,4741
30,test,19,8,1,0,0,1,10,2,2581,3660
30,test,19,9,0,1,1,0,-1,2,4309,5476
30,test,19,10,0,1,1,0,0,2,3181,5628
30,test,19,11,1,0,0,0,15,2,2220,3219
30,test,19,12,0,1,1,0,-7,2,2645,4508
30,test,19,13,0,1,0,1,6,2,2451,3906
30,test,19,14,1,0,0,0,14,1,3047,5622
30,test,19,15,0,1,1,0,-5,2,3069,4852
30,test,19,16,1,0,0,0,13,2,2341,3412
30,test,19,17,0,1,0,1,5,2,2530,3625
30,test,19,18,0,1,0,0,-31,2,3243,4490
30,test,19,19,1,0,0,1,9,1,2391,3918
30,test,19,20,1,0,0,1,6,2,2876,4275
30,test,19,21,0,1,1,0,-5,2,2828,3875
30,test,19,22,0,1,1,0,-4,2,2769,3832
30,test,19,23,1,0,0,1,9,1,2371,3674
30,test,19,24,0,1,0,1,8,2,2773,3780
30,test,19,25,0,1,1,0,-12,2,2499,3554
30,test,19,26,1,0,0,0,14,1,2189,3668
30,test,19,27,1,0,0,0,-39,1,2829,4620
30,test,19,28,0,1,1,0,4,2,3375,4598
30,test,19,29,1,0,0,0,8,1,2326,3701
30,test,19,30,1,0,0,0,15,1,2152,3495
30,test,19,31,0,1,1,0,-18,2,3199,4238
30,test,19,32,0,1,0,0,-30,2,1975,2974
30,test,19,33,1,0,0,0,7,1,2093,3700
30,test,19,34,0,1,0,0,-37,2,2218,3681
30,test,19,35,0,1,1,0,-3,2,2884,5331
30,test,19,36,1,0,0,0,7,1,2368,3591
